"ride_id","driver_id","city","date","distance_km","duration_min","fare","rating","promo_code","fare_per_km","ride_day","speed_kmh"
1,110,"Miami",2024-11-11,5.8,8,11.01,3.8,"NO_PROMO",1.9,"Mon",43.5
2,112,"Los Angeles",2024-11-19,2.6,5,5.69,4.8,"NO_PROMO",2.19,"Tue",31.2
3,147,"San Francisco",2024-11-14,4.6,8,8.95,4.5,"WELCOME5",1.95,"Thu",34.5
4,120,"Chicago",2024-11-12,26.5,46,54.88,4.7,"SAVE20",2.07,"Tue",34.57
5,193,"San Francisco",2024-11-07,15.9,26,20.45,4.2,"DISCOUNT10",1.29,"Thu",36.69
6,119,"Chicago",2024-11-16,34.4,77,90.25,4.9,"NO_PROMO",2.62,"Sat",26.81
7,144,"San Francisco",2024-11-27,29.5,48,58.48,3.7,"WELCOME5",1.98,"Wed",36.88
8,137,"Miami",2024-11-28,33.1,55,41.67,4,"SAVE20",1.26,"Thu",36.11
9,200,"New York",2024-11-06,38.1,81,59.02,4.3,"SAVE20",1.55,"Wed",28.22
10,119,"Los Angeles",2024-11-07,27.6,56,39.41,3.8,"DISCOUNT10",1.43,"Thu",29.57
11,170,"Miami",2024-11-20,29.3,47,82.09,4.8,"WELCOME5",2.8,"Wed",37.4
12,144,"New York",2024-11-18,16,29,30.92,3.7,"NO_PROMO",1.93,"Mon",33.1
13,161,"San Francisco",2024-11-28,11.4,18,10.58,3.9,"SAVE20",0.93,"Thu",38
14,148,"San Francisco",2024-11-14,12.9,31,34.17,3.8,"DISCOUNT10",2.65,"Thu",24.97
15,127,"Los Angeles",2024-11-11,26.4,59,77.73,4.6,"SAVE20",2.94,"Mon",26.85
16,136,"Los Angeles",2024-11-25,49.7,116,49.96,4.9,"DISCOUNT10",1.01,"Mon",25.71
17,132,"Chicago",2024-11-17,42.9,84,125.46,3.7,"SAVE20",2.92,"Sun",30.64
18,160,"New York",2024-11-05,34.5,82,24.27,4.8,"WELCOME5",0.7,"Tue",25.24
19,122,"Los Angeles",2024-11-21,43.1,65,117.71,3.8,"DISCOUNT10",2.73,"Thu",39.78
20,107,"Chicago",2024-11-25,21.7,44,30,4.9,"DISCOUNT10",1.38,"Mon",29.59
21,160,"Chicago",2024-11-20,34.5,56,31.56,3.9,"NO_PROMO",0.91,"Wed",36.96
22,170,"San Francisco",2024-11-19,32.8,67,95.3,4.5,"NO_PROMO",2.91,"Tue",29.37
23,147,"New York",2024-11-24,17.7,34,20.68,4.9,"WELCOME5",1.17,"Sun",31.24
24,141,"Los Angeles",2024-11-08,42.9,74,121.53,4.7,"NO_PROMO",2.83,"Fri",34.78
25,151,"Miami",2024-11-05,21.9,35,43.21,4.2,"SAVE20",1.97,"Tue",37.54
26,190,"Miami",2024-11-27,14.3,31,30.32,4.8,"DISCOUNT10",2.12,"Wed",27.68
27,113,"Miami",2024-11-03,33.2,74,73.77,3.7,"WELCOME5",2.22,"Sun",26.92
28,187,"Chicago",2024-11-08,46.1,82,99.46,4.5,"WELCOME5",2.16,"Fri",33.73
29,103,"Los Angeles",2024-11-07,39.6,69,30.35,3.7,"NO_PROMO",0.77,"Thu",34.43
30,190,"New York",2024-11-17,24.2,50,28.81,3.9,"SAVE20",1.19,"Sun",29.04
31,164,"Miami",2024-11-17,13.8,24,24.67,4.4,"DISCOUNT10",1.79,"Sun",34.5
32,135,"San Francisco",2024-11-07,1.9,2,4.46,4.5,"NO_PROMO",2.35,"Thu",57
33,193,"Miami",2024-11-14,41.6,73,97.98,4.7,"WELCOME5",2.36,"Thu",34.19
34,188,"San Francisco",2024-11-10,17.8,39,20.94,3.5,"NO_PROMO",1.18,"Sun",27.38
35,195,"Los Angeles",2024-11-24,46.2,109,87.16,4.6,"SAVE20",1.89,"Sun",25.43
36,190,"Miami",2024-11-25,16.9,34,13.12,4.7,"SAVE20",0.78,"Mon",29.82
37,170,"San Francisco",2024-11-11,41.1,67,108.1,4.3,"DISCOUNT10",2.63,"Mon",36.81
38,149,"Miami",2024-11-10,26.9,41,61.77,4.5,"SAVE20",2.3,"Sun",39.37
39,175,"Chicago",2024-11-13,40.5,62,34.84,4.7,"SAVE20",0.86,"Wed",39.19
40,158,"New York",2024-11-13,43.9,102,57.95,4,"SAVE20",1.32,"Wed",25.82
41,191,"Miami",2024-11-04,9.6,19,17.61,4.3,"NO_PROMO",1.83,"Mon",30.32
42,130,"Miami",2024-11-30,9.8,23,12.85,3.5,"DISCOUNT10",1.31,"Sat",25.57
43,115,"Los Angeles",2024-11-18,38.9,91,87.05,4.4,"SAVE20",2.24,"Mon",25.65
44,122,"Los Angeles",2024-11-14,7,12,4.12,4.5,"NO_PROMO",0.59,"Thu",35
45,146,"New York",2024-11-19,22.7,54,67.44,4.8,"NO_PROMO",2.97,"Tue",25.22
46,172,"San Francisco",2024-11-11,10.1,17,10.02,4.5,"NO_PROMO",0.99,"Mon",35.65
47,152,"San Francisco",2024-11-10,17.5,41,35.47,3.8,"SAVE20",2.03,"Sun",25.61
48,104,"Chicago",2024-11-13,9.5,22,22.65,3.5,"SAVE20",2.38,"Wed",25.91
49,141,"Los Angeles",2024-11-03,23.6,50,34.55,4,"NO_PROMO",1.46,"Sun",28.32
50,189,"New York",2024-11-04,5.4,9,13.26,4.4,"NO_PROMO",2.46,"Mon",36
51,130,"Chicago",2024-11-15,7.1,17,18.69,4.3,"NO_PROMO",2.63,"Fri",25.06
52,119,"Miami",2024-11-04,23.8,48,35.36,4,"NO_PROMO",1.49,"Mon",29.75
53,115,"San Francisco",2024-11-17,6.2,13,6.34,3.6,"DISCOUNT10",1.02,"Sun",28.62
54,151,"Los Angeles",2024-11-10,31.4,66,29.07,3.7,"DISCOUNT10",0.93,"Sun",28.55
55,182,"New York",2024-11-07,45.8,71,122.43,4,"SAVE20",2.67,"Thu",38.7
56,157,"San Francisco",2024-11-22,16.1,29,29.47,4.7,"WELCOME5",1.83,"Fri",33.31
57,177,"Chicago",2024-11-08,38.1,68,104.2,3.8,"SAVE20",2.73,"Fri",33.62
58,191,"Los Angeles",2024-11-11,23.8,40,29.98,3.7,"DISCOUNT10",1.26,"Mon",35.7
59,105,"San Francisco",2024-11-08,13.6,29,21.71,3.6,"WELCOME5",1.6,"Fri",28.14
60,156,"Los Angeles",2024-11-26,23.9,45,21.68,4.5,"WELCOME5",0.91,"Tue",31.87
61,144,"Chicago",2024-11-27,28.7,48,78.93,3.8,"DISCOUNT10",2.75,"Wed",35.88
62,200,"Miami",2024-11-09,15.2,36,21.62,3.9,"NO_PROMO",1.42,"Sat",25.33
63,149,"Chicago",2024-11-14,30.2,64,25.65,4.7,"SAVE20",0.85,"Thu",28.31
64,179,"San Francisco",2024-11-04,8.9,18,21.14,4.1,"NO_PROMO",2.38,"Mon",29.67
65,131,"New York",2024-11-20,33.6,56,77.7,4.6,"SAVE20",2.31,"Wed",36
66,173,"Los Angeles",2024-11-13,7.8,19,5.5,4.7,"WELCOME5",0.71,"Wed",24.63
67,164,"Miami",2024-11-01,21.1,44,62.12,3.8,"NO_PROMO",2.94,"Fri",28.77
68,111,"Chicago",2024-11-02,42.5,86,118.47,4.3,"WELCOME5",2.79,"Sat",29.65
69,143,"New York",2024-11-04,27.5,50,35.6,4.9,"DISCOUNT10",1.29,"Mon",33
70,165,"New York",2024-11-05,44.4,75,101.39,4.5,"DISCOUNT10",2.28,"Tue",35.52
71,142,"New York",2024-11-10,6.7,10,4.73,4,"DISCOUNT10",0.71,"Sun",40.2
72,134,"Miami",2024-11-30,28.3,51,81.19,4.6,"NO_PROMO",2.87,"Sat",33.29
73,174,"Los Angeles",2024-11-18,41.5,95,88.39,4.3,"WELCOME5",2.13,"Mon",26.21
74,145,"San Francisco",2024-11-23,37.3,83,25.78,4.4,"NO_PROMO",0.69,"Sat",26.96
75,108,"Chicago",2024-11-30,3.6,5,8.22,4.1,"SAVE20",2.28,"Sat",43.2
76,148,"San Francisco",2024-11-16,41.7,100,112.92,4.5,"SAVE20",2.71,"Sat",25.02
77,170,"San Francisco",2024-11-26,12.6,22,10.31,4.8,"WELCOME5",0.82,"Tue",34.36
78,104,"Los Angeles",2024-11-29,14.6,30,11.03,4,"SAVE20",0.76,"Fri",29.2
79,121,"Los Angeles",2024-11-05,14.1,26,35.73,3.8,"WELCOME5",2.53,"Tue",32.54
80,144,"Los Angeles",2024-11-30,14.1,21,32.83,4.5,"NO_PROMO",2.33,"Sat",40.29
81,132,"New York",2024-11-17,24.5,38,21.25,4.4,"NO_PROMO",0.87,"Sun",38.68
82,170,"Chicago",2024-11-18,41.3,95,98.77,5,"SAVE20",2.39,"Mon",26.08
83,161,"Los Angeles",2024-11-02,38.8,79,73.93,4.5,"NO_PROMO",1.91,"Sat",29.47
84,108,"San Francisco",2024-11-09,24.1,51,43.15,4.3,"SAVE20",1.79,"Sat",28.35
85,166,"New York",2024-11-14,35.7,56,47.18,4,"WELCOME5",1.32,"Thu",38.25
86,138,"San Francisco",2024-11-29,39,72,66.08,3.9,"SAVE20",1.69,"Fri",32.5
87,190,"New York",2024-11-27,47.8,108,130.51,4.9,"NO_PROMO",2.73,"Wed",26.56
88,170,"San Francisco",2024-11-21,37.5,81,85.61,5,"NO_PROMO",2.28,"Thu",27.78
89,183,"New York",2024-11-01,21.2,43,14.35,4.5,"NO_PROMO",0.68,"Fri",29.58
90,184,"San Francisco",2024-11-17,43.3,89,91.27,4.3,"NO_PROMO",2.11,"Sun",29.19
91,143,"Chicago",2024-11-01,43.2,98,121.42,4.9,"WELCOME5",2.81,"Fri",26.45
92,138,"Miami",2024-11-11,19.7,39,32.05,4.6,"SAVE20",1.63,"Mon",30.31
93,119,"New York",2024-11-03,1.6,2,1.27,4.4,"WELCOME5",0.79,"Sun",48
94,156,"Los Angeles",2024-11-24,40.9,87,50.87,4.6,"DISCOUNT10",1.24,"Sun",28.21
95,155,"Los Angeles",2024-11-06,22.3,48,19.48,4.3,"WELCOME5",0.87,"Wed",27.88
96,190,"New York",2024-11-19,24.6,59,40.58,4.8,"WELCOME5",1.65,"Tue",25.02
97,137,"Los Angeles",2024-11-13,32.1,70,28.75,3.8,"DISCOUNT10",0.9,"Wed",27.51
98,104,"San Francisco",2024-11-24,45.1,73,111.94,4.6,"NO_PROMO",2.48,"Sun",37.07
99,125,"New York",2024-11-27,4.2,9,6.81,4.4,"NO_PROMO",1.62,"Wed",28
100,122,"Chicago",2024-11-23,39.7,74,75.9,5,"SAVE20",1.91,"Sat",32.19
101,138,"San Francisco",2024-11-18,6.9,14,10.36,4.6,"NO_PROMO",1.5,"Mon",29.57
102,109,"New York",2024-11-19,7.9,17,8.33,3.9,"NO_PROMO",1.05,"Tue",27.88
103,151,"New York",2024-11-05,32.8,61,16.99,3.6,"WELCOME5",0.52,"Tue",32.26
104,168,"San Francisco",2024-11-30,49.5,104,56.19,3.5,"DISCOUNT10",1.14,"Sat",28.56
105,111,"Miami",2024-11-07,48.5,90,62.76,3.8,"WELCOME5",1.29,"Thu",32.33
106,158,"San Francisco",2024-11-12,43.3,68,29.09,4.3,"NO_PROMO",0.67,"Tue",38.21
107,113,"Chicago",2024-11-25,39.6,75,46.92,4.3,"SAVE20",1.18,"Mon",31.68
108,193,"San Francisco",2024-11-29,14.7,31,28.64,4.8,"SAVE20",1.95,"Fri",28.45
109,163,"San Francisco",2024-11-06,25.3,57,44.56,3.7,"WELCOME5",1.76,"Wed",26.63
110,101,"Miami",2024-11-26,12.9,30,23.92,4.7,"WELCOME5",1.85,"Tue",25.8
111,153,"Los Angeles",2024-11-22,4.8,9,6.09,3.6,"SAVE20",1.27,"Fri",32
112,177,"Miami",2024-11-06,14.9,22,18.84,4.6,"SAVE20",1.26,"Wed",40.64
113,177,"Chicago",2024-11-16,12,23,19.62,4,"WELCOME5",1.64,"Sat",31.3
114,184,"Los Angeles",2024-11-29,2.2,4,6.22,4.4,"SAVE20",2.83,"Fri",33
115,155,"Los Angeles",2024-11-04,19.1,35,32.49,4.5,"WELCOME5",1.7,"Mon",32.74
116,180,"Los Angeles",2024-11-04,3,4,2.95,4.2,"DISCOUNT10",0.98,"Mon",45
117,164,"San Francisco",2024-11-19,13.9,21,30.05,3.9,"WELCOME5",2.16,"Tue",39.71
118,190,"New York",2024-11-30,42.5,84,83.61,4.4,"WELCOME5",1.97,"Sat",30.36
119,109,"Los Angeles",2024-11-03,20.1,48,23.55,4.1,"DISCOUNT10",1.17,"Sun",25.12
120,162,"Chicago",2024-11-25,42.4,93,66.84,4.6,"NO_PROMO",1.58,"Mon",27.35
121,158,"Chicago",2024-11-10,35.2,85,65.7,3.7,"DISCOUNT10",1.87,"Sun",24.85
122,200,"Chicago",2024-11-02,5.8,11,12.14,4.1,"SAVE20",2.09,"Sat",31.64
123,174,"Miami",2024-11-05,1.4,2,3.02,3.6,"DISCOUNT10",2.16,"Tue",42
124,145,"New York",2024-11-20,8.4,14,24.18,3.9,"NO_PROMO",2.88,"Wed",36
125,137,"Chicago",2024-11-07,2.7,5,3.96,4,"WELCOME5",1.47,"Thu",32.4
126,116,"New York",2024-11-04,25.2,51,42.15,4.2,"DISCOUNT10",1.67,"Mon",29.65
127,142,"Los Angeles",2024-11-30,13.8,32,11.34,4.4,"DISCOUNT10",0.82,"Sat",25.88
128,124,"San Francisco",2024-11-01,24.3,37,57.95,4.4,"NO_PROMO",2.38,"Fri",39.41
129,130,"Los Angeles",2024-11-28,18.9,28,53.31,3.7,"DISCOUNT10",2.82,"Thu",40.5
130,176,"Los Angeles",2024-11-04,42.8,92,49.87,4.3,"DISCOUNT10",1.17,"Mon",27.91
131,103,"Miami",2024-11-16,44.3,108,78.79,4.6,"DISCOUNT10",1.78,"Sat",24.61
132,186,"New York",2024-11-16,2.7,5,5.39,3.6,"WELCOME5",2,"Sat",32.4
133,118,"New York",2024-11-11,18.9,45,15.4,3.8,"SAVE20",0.81,"Mon",25.2
134,145,"Miami",2024-11-27,29.9,56,62.92,3.5,"DISCOUNT10",2.1,"Wed",32.04
135,183,"San Francisco",2024-11-10,48,96,31.72,4.9,"SAVE20",0.66,"Sun",30
136,133,"Miami",2024-11-04,20.5,49,55.03,4.5,"DISCOUNT10",2.68,"Mon",25.1
137,188,"San Francisco",2024-11-08,13.9,30,13.92,4.2,"DISCOUNT10",1,"Fri",27.8
138,161,"New York",2024-11-30,15.8,32,25.58,3.6,"NO_PROMO",1.62,"Sat",29.62
139,163,"Miami",2024-11-09,5.8,10,4.49,3.7,"SAVE20",0.77,"Sat",34.8
140,197,"New York",2024-11-03,17.1,26,14.48,4.9,"SAVE20",0.85,"Sun",39.46
141,144,"San Francisco",2024-11-11,27.2,51,60.35,4.6,"SAVE20",2.22,"Mon",32
142,104,"Miami",2024-11-04,32.4,76,92.04,4.4,"SAVE20",2.84,"Mon",25.58
143,128,"Chicago",2024-11-02,20.3,34,15.34,4.2,"WELCOME5",0.76,"Sat",35.82
144,105,"New York",2024-11-20,22,36,32.37,3.7,"NO_PROMO",1.47,"Wed",36.67
145,108,"Los Angeles",2024-11-01,38.4,92,101.91,4.9,"DISCOUNT10",2.65,"Fri",25.04
146,121,"Chicago",2024-11-20,24.4,54,41.52,4.9,"DISCOUNT10",1.7,"Wed",27.11
147,173,"San Francisco",2024-11-21,13.2,28,17.72,4,"NO_PROMO",1.34,"Thu",28.29
148,146,"New York",2024-11-30,48.1,80,132.98,3.6,"NO_PROMO",2.76,"Sat",36.08
149,158,"Chicago",2024-11-16,32.6,70,39.59,3.7,"NO_PROMO",1.21,"Sat",27.94
150,167,"New York",2024-11-22,41.1,75,60.51,4.3,"DISCOUNT10",1.47,"Fri",32.88
151,193,"San Francisco",2024-11-15,41.7,84,63.56,4.6,"NO_PROMO",1.52,"Fri",29.79
152,188,"New York",2024-11-23,13.8,32,22.27,4.3,"WELCOME5",1.61,"Sat",25.88
153,157,"Chicago",2024-11-30,22.9,55,34.04,4,"NO_PROMO",1.49,"Sat",24.98
154,131,"Chicago",2024-11-09,28.5,65,42.47,3.6,"NO_PROMO",1.49,"Sat",26.31
155,121,"Chicago",2024-11-20,35.3,77,66.67,4.9,"NO_PROMO",1.89,"Wed",27.51
156,186,"Miami",2024-11-10,9.2,21,8.07,4.8,"DISCOUNT10",0.88,"Sun",26.29
157,194,"Chicago",2024-11-20,18.1,29,26.97,3.6,"SAVE20",1.49,"Wed",37.45
158,153,"Los Angeles",2024-11-22,18.6,38,15.94,4.4,"DISCOUNT10",0.86,"Fri",29.37
159,188,"San Francisco",2024-11-25,24.1,39,56,4.2,"DISCOUNT10",2.32,"Mon",37.08
160,154,"Los Angeles",2024-11-06,5.5,9,5.36,4.3,"DISCOUNT10",0.97,"Wed",36.67
161,148,"Chicago",2024-11-22,10.4,17,29.91,3.6,"NO_PROMO",2.88,"Fri",36.71
162,105,"Miami",2024-11-10,34.2,57,23.67,4.9,"NO_PROMO",0.69,"Sun",36
163,104,"Miami",2024-11-12,6.6,12,12.32,4.8,"NO_PROMO",1.87,"Tue",33
164,144,"Los Angeles",2024-11-17,28.5,65,70.97,3.6,"NO_PROMO",2.49,"Sun",26.31
165,130,"Los Angeles",2024-11-02,2.3,4,2.88,3.6,"SAVE20",1.25,"Sat",34.5
166,172,"New York",2024-11-26,7.8,18,11.72,4.9,"SAVE20",1.5,"Tue",26
167,143,"Miami",2024-11-23,1.6,3,2.74,4.6,"SAVE20",1.71,"Sat",32
168,161,"Miami",2024-11-24,4.4,10,8.08,3.8,"DISCOUNT10",1.84,"Sun",26.4
169,140,"San Francisco",2024-11-03,4.3,9,12.83,4.9,"DISCOUNT10",2.98,"Sun",28.67
170,158,"Chicago",2024-11-01,14,29,16.67,3.8,"NO_PROMO",1.19,"Fri",28.97
171,145,"Chicago",2024-11-24,43.2,76,46.29,4.6,"NO_PROMO",1.07,"Sun",34.11
172,194,"Chicago",2024-11-20,43.7,72,82.83,4.7,"NO_PROMO",1.9,"Wed",36.42
173,179,"Los Angeles",2024-11-15,4.3,6,3.85,4.7,"WELCOME5",0.9,"Fri",43
174,151,"New York",2024-11-01,38.6,68,49.2,3.8,"WELCOME5",1.27,"Fri",34.06
175,124,"Los Angeles",2024-11-19,35.6,69,101.76,4.8,"DISCOUNT10",2.86,"Tue",30.96
176,141,"New York",2024-11-10,23.2,50,60.37,3.6,"SAVE20",2.6,"Sun",27.84
177,126,"Chicago",2024-11-07,48.9,93,139.58,3.7,"DISCOUNT10",2.85,"Thu",31.55
178,130,"New York",2024-11-22,42.7,92,102.1,4.2,"DISCOUNT10",2.39,"Fri",27.85
179,190,"Los Angeles",2024-11-14,37.6,82,41.36,3.5,"DISCOUNT10",1.1,"Thu",27.51
180,165,"Miami",2024-11-12,41,81,21.75,3.8,"WELCOME5",0.53,"Tue",30.37
181,198,"New York",2024-11-22,39.5,61,33.76,4.3,"NO_PROMO",0.85,"Fri",38.85
182,157,"Chicago",2024-11-06,22.5,54,59.16,4.7,"WELCOME5",2.63,"Wed",25
183,186,"Los Angeles",2024-11-30,30.1,48,16.19,3.8,"NO_PROMO",0.54,"Sat",37.62
184,129,"New York",2024-11-21,43.4,72,58.74,4.5,"DISCOUNT10",1.35,"Thu",36.17
185,118,"Miami",2024-11-26,38.3,70,26.84,4.7,"DISCOUNT10",0.7,"Tue",32.83
186,173,"Chicago",2024-11-06,45.9,114,87.21,3.5,"NO_PROMO",1.9,"Wed",24.16
187,161,"New York",2024-11-06,32,65,54.23,4,"NO_PROMO",1.69,"Wed",29.54
188,133,"Miami",2024-11-18,23.5,54,20.49,4.3,"SAVE20",0.87,"Mon",26.11
189,178,"Chicago",2024-11-11,7.8,14,11.18,3.9,"WELCOME5",1.43,"Mon",33.43
190,121,"Los Angeles",2024-11-14,46.3,96,112.31,3.5,"SAVE20",2.43,"Thu",28.94
191,152,"Miami",2024-11-30,21.5,33,11.02,3.9,"DISCOUNT10",0.51,"Sat",39.09
192,182,"New York",2024-11-27,2.2,5,4.09,4.2,"DISCOUNT10",1.86,"Wed",26.4
193,200,"Los Angeles",2024-11-07,7.5,11,17.1,4.4,"NO_PROMO",2.28,"Thu",40.91
194,194,"Los Angeles",2024-11-27,45.9,107,36.77,4.8,"SAVE20",0.8,"Wed",25.74
195,120,"Los Angeles",2024-11-28,24.9,59,24.59,3.9,"SAVE20",0.99,"Thu",25.32
196,127,"San Francisco",2024-11-06,7.5,12,21.2,4.4,"NO_PROMO",2.83,"Wed",37.5
197,187,"Los Angeles",2024-11-03,36.7,83,69.47,4.9,"NO_PROMO",1.89,"Sun",26.53
198,157,"Los Angeles",2024-11-20,49.6,121,74.61,4.5,"WELCOME5",1.5,"Wed",24.6
199,122,"Los Angeles",2024-11-27,30.1,57,37.4,3.8,"SAVE20",1.24,"Wed",31.68
200,195,"San Francisco",2024-11-30,13.5,25,34.66,4.4,"NO_PROMO",2.57,"Sat",32.4
201,108,"San Francisco",2024-11-06,12.1,23,23.53,4.7,"WELCOME5",1.94,"Wed",31.57
202,156,"Miami",2024-11-19,7.4,17,19.98,3.8,"WELCOME5",2.7,"Tue",26.12
203,148,"Miami",2024-11-24,4.6,9,12.55,4.3,"NO_PROMO",2.73,"Sun",30.67
204,150,"Los Angeles",2024-11-21,40,89,32.15,4.5,"NO_PROMO",0.8,"Thu",26.97
205,127,"New York",2024-11-04,29.5,44,63.37,4.5,"DISCOUNT10",2.15,"Mon",40.23
206,109,"Miami",2024-11-01,42.6,64,29.98,4.5,"SAVE20",0.7,"Fri",39.94
207,185,"Los Angeles",2024-11-18,16,32,45.48,3.8,"DISCOUNT10",2.84,"Mon",30
208,126,"New York",2024-11-17,26.9,56,48.92,3.8,"WELCOME5",1.82,"Sun",28.82
209,114,"Miami",2024-11-27,5.9,11,4.25,4.8,"WELCOME5",0.72,"Wed",32.18
210,166,"San Francisco",2024-11-26,38.1,83,39.72,4.3,"NO_PROMO",1.04,"Tue",27.54
211,168,"San Francisco",2024-11-14,1,2,0.93,3.7,"NO_PROMO",0.93,"Thu",30
212,175,"Los Angeles",2024-11-26,35,57,64.07,3.5,"DISCOUNT10",1.83,"Tue",36.84
213,146,"New York",2024-11-19,13.6,29,33.43,4.8,"SAVE20",2.46,"Tue",28.14
214,139,"New York",2024-11-05,39.4,94,50.21,3.6,"DISCOUNT10",1.27,"Tue",25.15
215,180,"Miami",2024-11-13,41.5,72,64.88,3.6,"NO_PROMO",1.56,"Wed",34.58
216,191,"Miami",2024-11-28,18.4,37,47.79,4.9,"DISCOUNT10",2.6,"Thu",29.84
217,163,"Miami",2024-11-03,46.3,84,42.15,4.3,"DISCOUNT10",0.91,"Sun",33.07
218,187,"New York",2024-11-27,22.8,42,19.03,4.6,"DISCOUNT10",0.83,"Wed",32.57
219,198,"San Francisco",2024-11-06,7.3,11,12.94,4.5,"SAVE20",1.77,"Wed",39.82
220,125,"Chicago",2024-11-29,29.6,60,88.06,3.7,"WELCOME5",2.98,"Fri",29.6
221,135,"Miami",2024-11-23,39.2,95,24.32,3.8,"SAVE20",0.62,"Sat",24.76
222,167,"Chicago",2024-11-30,23.7,58,49.1,4.3,"NO_PROMO",2.07,"Sat",24.52
223,148,"San Francisco",2024-11-13,39.9,70,103.5,3.5,"WELCOME5",2.59,"Wed",34.2
224,164,"San Francisco",2024-11-17,27.6,58,54.36,4.1,"NO_PROMO",1.97,"Sun",28.55
225,163,"Chicago",2024-11-30,27.6,67,63.73,3.9,"DISCOUNT10",2.31,"Sat",24.72
226,122,"Chicago",2024-11-17,7.2,13,7.2,3.6,"SAVE20",1,"Sun",33.23
227,109,"San Francisco",2024-11-30,10.7,25,31.15,4.9,"WELCOME5",2.91,"Sat",25.68
228,111,"Miami",2024-11-09,19.9,35,21.98,4.3,"SAVE20",1.1,"Sat",34.11
229,167,"New York",2024-11-14,45.1,108,85.44,4,"WELCOME5",1.89,"Thu",25.06
230,154,"Chicago",2024-11-04,30,67,71.71,4.8,"DISCOUNT10",2.39,"Mon",26.87
231,131,"Los Angeles",2024-11-01,6.8,10,13.06,4.2,"SAVE20",1.92,"Fri",40.8
232,170,"San Francisco",2024-11-13,6.2,10,3.49,3.6,"NO_PROMO",0.56,"Wed",37.2
233,138,"Chicago",2024-11-08,19.9,47,45.08,3.5,"NO_PROMO",2.27,"Fri",25.4
234,128,"Miami",2024-11-28,38.3,61,33.95,3.5,"WELCOME5",0.89,"Thu",37.67
235,121,"New York",2024-11-18,17.2,42,24.36,3.6,"SAVE20",1.42,"Mon",24.57
236,192,"Chicago",2024-11-14,22.9,44,59.61,4.7,"DISCOUNT10",2.6,"Thu",31.23
237,115,"Chicago",2024-11-21,20.2,40,31.76,4.8,"NO_PROMO",1.57,"Thu",30.3
238,163,"Los Angeles",2024-11-28,35.7,71,86.19,4.3,"WELCOME5",2.41,"Thu",30.17
239,194,"New York",2024-11-29,43.7,92,61.33,4.2,"DISCOUNT10",1.4,"Fri",28.5
240,115,"Los Angeles",2024-11-07,37.6,58,108.19,4.9,"WELCOME5",2.88,"Thu",38.9
241,146,"San Francisco",2024-11-14,45.4,113,74.85,4.3,"DISCOUNT10",1.65,"Thu",24.11
242,160,"Los Angeles",2024-11-25,36.2,71,42.75,4.8,"NO_PROMO",1.18,"Mon",30.59
243,181,"Los Angeles",2024-11-08,31.9,73,42.35,4.4,"SAVE20",1.33,"Fri",26.22
244,189,"Miami",2024-11-12,6.6,16,12.31,4.4,"WELCOME5",1.87,"Tue",24.75
245,108,"Los Angeles",2024-11-14,36.7,67,35.78,4.3,"NO_PROMO",0.97,"Thu",32.87
246,105,"Los Angeles",2024-11-29,18.9,44,29.49,3.7,"SAVE20",1.56,"Fri",25.77
247,140,"Los Angeles",2024-11-17,20.4,48,52.35,4.6,"WELCOME5",2.57,"Sun",25.5
248,119,"New York",2024-11-09,26.6,61,33.62,4.6,"WELCOME5",1.26,"Sat",26.16
249,178,"New York",2024-11-05,40.5,61,119.8,5,"SAVE20",2.96,"Tue",39.84
250,143,"San Francisco",2024-11-06,27.3,54,43.35,4.3,"WELCOME5",1.59,"Wed",30.33
251,175,"San Francisco",2024-11-06,48.9,99,26.38,4.4,"NO_PROMO",0.54,"Wed",29.64
252,119,"Chicago",2024-11-06,16.6,27,21.39,4,"WELCOME5",1.29,"Wed",36.89
253,131,"New York",2024-11-17,24.3,44,54.08,3.6,"NO_PROMO",2.23,"Sun",33.14
254,199,"Miami",2024-11-23,45.9,95,23.32,4,"DISCOUNT10",0.51,"Sat",28.99
255,101,"Chicago",2024-11-15,37.4,87,110.47,4.2,"NO_PROMO",2.95,"Fri",25.79
256,167,"Chicago",2024-11-29,38,68,29.59,4.9,"NO_PROMO",0.78,"Fri",33.53
257,127,"Los Angeles",2024-11-21,10.8,24,7.57,3.7,"DISCOUNT10",0.7,"Thu",27
258,195,"San Francisco",2024-11-20,14,29,20.41,3.6,"NO_PROMO",1.46,"Wed",28.97
259,111,"Miami",2024-11-15,32.9,64,87.28,4,"NO_PROMO",2.65,"Fri",30.84
260,106,"Miami",2024-11-04,42.8,65,110.76,4.6,"DISCOUNT10",2.59,"Mon",39.51
261,102,"San Francisco",2024-11-26,37.5,84,21.78,3.6,"NO_PROMO",0.58,"Tue",26.79
262,181,"New York",2024-11-03,34.8,78,59.94,4.4,"NO_PROMO",1.72,"Sun",26.77
263,102,"Chicago",2024-11-11,41.8,89,89.83,3.8,"SAVE20",2.15,"Mon",28.18
264,181,"New York",2024-11-19,5.4,11,15.62,4,"NO_PROMO",2.89,"Tue",29.45
265,185,"Chicago",2024-11-09,41.8,78,105.88,4.7,"SAVE20",2.53,"Sat",32.15
266,187,"Chicago",2024-11-03,14.5,31,41.85,3.8,"NO_PROMO",2.89,"Sun",28.06
267,110,"Chicago",2024-11-05,38.5,62,113.41,4.3,"NO_PROMO",2.95,"Tue",37.26
268,168,"Miami",2024-11-27,43.3,72,87.19,4.6,"SAVE20",2.01,"Wed",36.08
269,140,"Chicago",2024-11-18,22.3,41,36.62,3.6,"SAVE20",1.64,"Mon",32.63
270,153,"New York",2024-11-11,27.7,64,61.04,4,"WELCOME5",2.2,"Mon",25.97
271,113,"San Francisco",2024-11-18,30.6,73,87.25,4.1,"SAVE20",2.85,"Mon",25.15
272,135,"San Francisco",2024-11-03,44.3,92,86.83,4.3,"WELCOME5",1.96,"Sun",28.89
273,172,"Chicago",2024-11-19,47,94,124.83,3.7,"NO_PROMO",2.66,"Tue",30
274,128,"Miami",2024-11-01,4,6,7.71,4.8,"SAVE20",1.93,"Fri",40
275,186,"Chicago",2024-11-10,18.8,34,24.84,4.8,"NO_PROMO",1.32,"Sun",33.18
276,112,"New York",2024-11-05,5,9,12.01,4.3,"DISCOUNT10",2.4,"Tue",33.33
277,137,"Los Angeles",2024-11-28,38.1,62,64.61,3.7,"SAVE20",1.7,"Thu",36.87
278,200,"Los Angeles",2024-11-05,3.8,5,9.96,4.3,"NO_PROMO",2.62,"Tue",45.6
279,148,"Los Angeles",2024-11-14,40.3,88,23.18,4.3,"SAVE20",0.58,"Thu",27.48
280,182,"San Francisco",2024-11-10,3.3,5,5.59,4.4,"SAVE20",1.69,"Sun",39.6
281,137,"Los Angeles",2024-11-22,13.3,29,24.92,4,"NO_PROMO",1.87,"Fri",27.52
282,194,"Chicago",2024-11-18,6.6,12,11.22,4.9,"NO_PROMO",1.7,"Mon",33
283,134,"Miami",2024-11-06,41,84,22.76,3.8,"DISCOUNT10",0.56,"Wed",29.29
284,165,"Los Angeles",2024-11-22,37.8,83,48.29,3.5,"NO_PROMO",1.28,"Fri",27.33
285,126,"San Francisco",2024-11-07,3.9,6,9.01,4,"DISCOUNT10",2.31,"Thu",39
286,144,"Los Angeles",2024-11-02,36.1,56,98.15,3.9,"NO_PROMO",2.72,"Sat",38.68
287,109,"Miami",2024-11-07,37.2,59,29.42,3.7,"SAVE20",0.79,"Thu",37.83
288,158,"New York",2024-11-24,8.5,21,13.74,4.9,"NO_PROMO",1.62,"Sun",24.29
289,190,"San Francisco",2024-11-19,35.2,83,37.19,4.8,"NO_PROMO",1.06,"Tue",25.45
290,125,"New York",2024-11-16,42.7,70,38.96,4.6,"WELCOME5",0.91,"Sat",36.6
291,108,"New York",2024-11-22,5,8,12.05,3.6,"NO_PROMO",2.41,"Fri",37.5
292,127,"Los Angeles",2024-11-22,22.1,44,61.06,3.8,"DISCOUNT10",2.76,"Fri",30.14
293,138,"Los Angeles",2024-11-14,22.3,45,12.96,3.8,"SAVE20",0.58,"Thu",29.73
294,146,"Miami",2024-11-16,14.6,27,33,4.8,"NO_PROMO",2.26,"Sat",32.44
295,168,"Miami",2024-11-12,42.7,83,112.46,4.2,"DISCOUNT10",2.63,"Tue",30.87
296,108,"Miami",2024-11-02,41,65,34.94,3.9,"NO_PROMO",0.85,"Sat",37.85
297,195,"New York",2024-11-01,8.4,16,13.45,5,"WELCOME5",1.6,"Fri",31.5
298,102,"Miami",2024-11-03,16.7,32,33.32,4.5,"WELCOME5",2,"Sun",31.31
299,103,"Los Angeles",2024-11-30,22,39,21.45,4.3,"DISCOUNT10",0.98,"Sat",33.85
300,196,"Miami",2024-11-13,20.5,39,18.37,3.6,"NO_PROMO",0.9,"Wed",31.54
301,188,"Los Angeles",2024-11-05,41.5,86,32.88,4.9,"NO_PROMO",0.79,"Tue",28.95
302,167,"San Francisco",2024-11-17,48.8,104,89.77,4.4,"DISCOUNT10",1.84,"Sun",28.15
303,146,"San Francisco",2024-11-17,46.9,107,137.89,3.8,"SAVE20",2.94,"Sun",26.3
304,107,"San Francisco",2024-11-14,1.3,2,1.69,3.9,"SAVE20",1.3,"Thu",39
305,112,"New York",2024-11-15,30.2,47,71.63,4.2,"WELCOME5",2.37,"Fri",38.55
306,157,"San Francisco",2024-11-12,21.6,36,11.7,3.7,"SAVE20",0.54,"Tue",36
307,136,"Los Angeles",2024-11-24,32.2,74,59.57,4.3,"DISCOUNT10",1.85,"Sun",26.11
308,155,"New York",2024-11-02,10.8,16,12.75,4,"DISCOUNT10",1.18,"Sat",40.5
309,139,"Miami",2024-11-06,33.3,78,56.84,4.7,"NO_PROMO",1.71,"Wed",25.62
310,149,"New York",2024-11-22,28.4,49,56.28,4,"WELCOME5",1.98,"Fri",34.78
311,136,"Chicago",2024-11-24,12.8,27,22.72,4.8,"SAVE20",1.77,"Sun",28.44
312,131,"Chicago",2024-11-03,6.8,14,12.66,4.6,"NO_PROMO",1.86,"Sun",29.14
313,160,"Los Angeles",2024-11-25,20.3,41,34.23,4.9,"WELCOME5",1.69,"Mon",29.71
314,117,"San Francisco",2024-11-06,40.8,75,54.29,4.4,"SAVE20",1.33,"Wed",32.64
315,160,"Miami",2024-11-18,5.3,12,14.62,4.8,"NO_PROMO",2.76,"Mon",26.5
316,197,"San Francisco",2024-11-28,31.6,64,62.32,3.5,"WELCOME5",1.97,"Thu",29.62
317,106,"Los Angeles",2024-11-02,9.4,22,27.41,4.6,"DISCOUNT10",2.92,"Sat",25.64
318,184,"New York",2024-11-24,49.3,84,115.38,4.4,"DISCOUNT10",2.34,"Sun",35.21
319,125,"New York",2024-11-08,1.1,2,0.99,3.8,"SAVE20",0.9,"Fri",33
320,129,"Miami",2024-11-08,16.6,25,13.09,4.5,"DISCOUNT10",0.79,"Fri",39.84
321,128,"New York",2024-11-09,10.8,24,24.46,3.8,"WELCOME5",2.26,"Sat",27
322,109,"Chicago",2024-11-28,46.6,78,107.5,4.7,"WELCOME5",2.31,"Thu",35.85
323,172,"New York",2024-11-30,21.7,39,34.75,4.2,"SAVE20",1.6,"Sat",33.38
324,165,"Los Angeles",2024-11-10,1.5,2,2.48,4.8,"SAVE20",1.65,"Sun",45
325,115,"New York",2024-11-18,25.1,48,34.3,4,"DISCOUNT10",1.37,"Mon",31.38
326,115,"New York",2024-11-02,8.2,16,8.68,4.2,"DISCOUNT10",1.06,"Sat",30.75
327,111,"San Francisco",2024-11-15,2.3,4,6.89,4.8,"DISCOUNT10",3,"Fri",34.5
328,181,"New York",2024-11-05,33.8,52,87.43,4.9,"WELCOME5",2.59,"Tue",39
329,160,"New York",2024-11-27,24.5,56,19.41,4.4,"NO_PROMO",0.79,"Wed",26.25
330,186,"New York",2024-11-08,13.3,26,26.47,4.6,"DISCOUNT10",1.99,"Fri",30.69
331,145,"Los Angeles",2024-11-10,17.7,39,30.19,3.6,"NO_PROMO",1.71,"Sun",27.23
332,160,"Miami",2024-11-07,30.6,63,38.9,3.7,"NO_PROMO",1.27,"Thu",29.14
333,183,"Miami",2024-11-07,48.2,93,71.15,3.5,"NO_PROMO",1.48,"Thu",31.1
334,119,"Chicago",2024-11-15,47.9,105,34.07,4.8,"SAVE20",0.71,"Fri",27.37
335,182,"New York",2024-11-06,41,88,53.44,3.6,"SAVE20",1.3,"Wed",27.95
336,129,"Los Angeles",2024-11-24,40.6,86,97.2,3.7,"WELCOME5",2.39,"Sun",28.33
337,178,"Chicago",2024-11-23,36.2,88,86.42,4.7,"DISCOUNT10",2.39,"Sat",24.68
338,133,"Los Angeles",2024-11-30,14.6,33,27.32,4.3,"NO_PROMO",1.87,"Sat",26.55
339,120,"Chicago",2024-11-19,4.9,8,9.09,4.5,"NO_PROMO",1.86,"Tue",36.75
340,114,"Los Angeles",2024-11-17,39.4,76,33.68,4.9,"DISCOUNT10",0.85,"Sun",31.11
341,113,"Chicago",2024-11-10,11.4,24,9.13,3.9,"NO_PROMO",0.8,"Sun",28.5
342,143,"Chicago",2024-11-16,10.3,19,6.2,4.2,"SAVE20",0.6,"Sat",32.53
343,109,"New York",2024-11-02,13,25,37.26,5,"NO_PROMO",2.87,"Sat",31.2
344,133,"Miami",2024-11-19,33,66,79.04,4.8,"DISCOUNT10",2.4,"Tue",30
345,115,"Miami",2024-11-12,16,27,29.53,4,"NO_PROMO",1.85,"Tue",35.56
346,180,"Los Angeles",2024-11-20,32.5,55,48.96,4.6,"NO_PROMO",1.51,"Wed",35.45
347,102,"San Francisco",2024-11-24,18.6,32,53.81,4.4,"NO_PROMO",2.89,"Sun",34.88
348,198,"Los Angeles",2024-11-04,33.4,72,27.57,4,"NO_PROMO",0.83,"Mon",27.83
349,136,"Miami",2024-11-30,26.2,39,55.88,3.5,"WELCOME5",2.13,"Sat",40.31
350,156,"New York",2024-11-07,16.1,39,28.45,4.3,"DISCOUNT10",1.77,"Thu",24.77
351,169,"San Francisco",2024-11-24,14.7,26,36.87,4.5,"DISCOUNT10",2.51,"Sun",33.92
352,119,"Miami",2024-11-22,18.4,36,48.33,3.9,"NO_PROMO",2.63,"Fri",30.67
353,170,"Los Angeles",2024-11-17,4.4,10,5.39,4.4,"WELCOME5",1.22,"Sun",26.4
354,126,"Los Angeles",2024-11-02,14,29,22.49,3.7,"SAVE20",1.61,"Sat",28.97
355,180,"Miami",2024-11-11,30.8,53,37.88,4.5,"NO_PROMO",1.23,"Mon",34.87
356,107,"New York",2024-11-19,31.3,68,61.76,4.4,"NO_PROMO",1.97,"Tue",27.62
357,158,"San Francisco",2024-11-19,38,84,86.11,4.5,"NO_PROMO",2.27,"Tue",27.14
358,155,"San Francisco",2024-11-15,27.9,54,34.68,3.6,"WELCOME5",1.24,"Fri",31
359,131,"San Francisco",2024-11-05,12.1,20,34.06,4.7,"WELCOME5",2.81,"Tue",36.3
360,125,"San Francisco",2024-11-11,40.5,79,45.31,4.2,"NO_PROMO",1.12,"Mon",30.76
361,115,"Los Angeles",2024-11-06,12.3,25,21.22,4.2,"WELCOME5",1.73,"Wed",29.52
362,137,"San Francisco",2024-11-14,1.1,2,3,4,"NO_PROMO",2.73,"Thu",33
363,175,"Chicago",2024-11-07,20.8,39,58.31,3.9,"WELCOME5",2.8,"Thu",32
364,158,"New York",2024-11-16,35.9,58,91.2,4.6,"DISCOUNT10",2.54,"Sat",37.14
365,123,"Miami",2024-11-04,25.8,59,31.84,4.6,"NO_PROMO",1.23,"Mon",26.24
366,180,"Los Angeles",2024-11-15,27.5,65,67.01,4.6,"NO_PROMO",2.44,"Fri",25.38
367,179,"Miami",2024-11-14,12.3,18,13.52,4.2,"NO_PROMO",1.1,"Thu",41
368,131,"Los Angeles",2024-11-03,1.5,2,0.92,4.5,"DISCOUNT10",0.61,"Sun",45
369,189,"New York",2024-11-08,18,32,21.73,4.1,"SAVE20",1.21,"Fri",33.75
370,145,"San Francisco",2024-11-19,23,53,53.02,4.9,"DISCOUNT10",2.31,"Tue",26.04
371,120,"Los Angeles",2024-11-24,35.4,64,67.7,4,"DISCOUNT10",1.91,"Sun",33.19
372,196,"New York",2024-11-14,1.4,2,3.72,4.8,"SAVE20",2.66,"Thu",42
373,123,"Miami",2024-11-14,15.3,32,40.96,3.9,"NO_PROMO",2.68,"Thu",28.69
374,156,"San Francisco",2024-11-17,3.5,8,8.31,4.7,"NO_PROMO",2.37,"Sun",26.25
375,186,"Chicago",2024-11-09,15.7,35,34.91,4.4,"SAVE20",2.22,"Sat",26.91
376,148,"Chicago",2024-11-23,3.3,5,1.86,4.9,"WELCOME5",0.56,"Sat",39.6
377,144,"New York",2024-11-20,15.3,34,13.81,4.8,"SAVE20",0.9,"Wed",27
378,200,"San Francisco",2024-11-20,16.7,41,31.77,4.5,"WELCOME5",1.9,"Wed",24.44
379,108,"Chicago",2024-11-06,40.3,92,56.68,4.2,"WELCOME5",1.41,"Wed",26.28
380,136,"Los Angeles",2024-11-12,14.3,22,8.02,4.7,"WELCOME5",0.56,"Tue",39
381,166,"Miami",2024-11-21,20.7,36,33.83,3.8,"SAVE20",1.63,"Thu",34.5
382,158,"Los Angeles",2024-11-24,24.3,52,57.45,4.2,"SAVE20",2.36,"Sun",28.04
383,200,"Los Angeles",2024-11-24,30,73,88.85,3.6,"WELCOME5",2.96,"Sun",24.66
384,127,"Chicago",2024-11-07,38,72,77.58,4.7,"WELCOME5",2.04,"Thu",31.67
385,129,"Miami",2024-11-27,43.4,69,109.45,3.5,"WELCOME5",2.52,"Wed",37.74
386,114,"Los Angeles",2024-11-01,30.1,65,61.66,3.6,"SAVE20",2.05,"Fri",27.78
387,168,"New York",2024-11-23,30.4,67,59.6,4,"WELCOME5",1.96,"Sat",27.22
388,102,"New York",2024-11-03,3.5,8,10.48,5,"DISCOUNT10",2.99,"Sun",26.25
389,159,"Miami",2024-11-25,18.7,31,23.07,4.5,"WELCOME5",1.23,"Mon",36.19
390,106,"San Francisco",2024-11-12,47.8,99,135.8,4.1,"SAVE20",2.84,"Tue",28.97
391,136,"Los Angeles",2024-11-26,14.6,32,8.12,4.4,"DISCOUNT10",0.56,"Tue",27.38
392,136,"San Francisco",2024-11-28,42.3,80,87.02,4.1,"WELCOME5",2.06,"Thu",31.72
393,167,"San Francisco",2024-11-12,18.7,36,50.16,4.7,"NO_PROMO",2.68,"Tue",31.17
394,115,"Chicago",2024-11-21,1.3,2,2.57,4.4,"WELCOME5",1.98,"Thu",39
395,198,"New York",2024-11-11,13,23,7.92,4.5,"DISCOUNT10",0.61,"Mon",33.91
396,178,"Los Angeles",2024-11-13,11.6,28,29.59,4.5,"SAVE20",2.55,"Wed",24.86
397,131,"Chicago",2024-11-19,14.6,35,40.25,4.3,"DISCOUNT10",2.76,"Tue",25.03
398,134,"Los Angeles",2024-11-25,11.2,21,20.38,4.6,"NO_PROMO",1.82,"Mon",32
399,120,"New York",2024-11-26,22.1,47,11.94,5,"DISCOUNT10",0.54,"Tue",28.21
400,108,"Los Angeles",2024-11-29,17.7,41,17.21,4.1,"DISCOUNT10",0.97,"Fri",25.9
401,148,"New York",2024-11-03,47.6,101,26.22,4.5,"SAVE20",0.55,"Sun",28.28
402,200,"Los Angeles",2024-11-10,2.5,4,4.15,4.5,"SAVE20",1.66,"Sun",37.5
403,170,"Los Angeles",2024-11-06,41.4,73,54.7,3.8,"DISCOUNT10",1.32,"Wed",34.03
404,159,"Miami",2024-11-11,36.8,82,78.74,4.8,"SAVE20",2.14,"Mon",26.93
405,185,"San Francisco",2024-11-14,37.1,66,93.06,3.5,"DISCOUNT10",2.51,"Thu",33.73
406,139,"New York",2024-11-04,39.5,88,106.16,4.8,"WELCOME5",2.69,"Mon",26.93
407,150,"Chicago",2024-11-18,41.3,101,24.62,3.6,"DISCOUNT10",0.6,"Mon",24.53
408,180,"New York",2024-11-15,19.5,41,10.18,4.1,"SAVE20",0.52,"Fri",28.54
409,102,"San Francisco",2024-11-08,28.3,62,42.99,3.7,"NO_PROMO",1.52,"Fri",27.39
410,196,"Miami",2024-11-03,33.9,63,52.02,4.3,"NO_PROMO",1.53,"Sun",32.29
411,128,"San Francisco",2024-11-18,48.1,85,114.26,4.8,"DISCOUNT10",2.38,"Mon",33.95
412,174,"New York",2024-11-21,43,84,54.95,4.9,"NO_PROMO",1.28,"Thu",30.71
413,141,"Chicago",2024-11-29,25.3,44,20.57,3.5,"DISCOUNT10",0.81,"Fri",34.5
414,196,"Los Angeles",2024-11-25,47.2,92,24.7,4.1,"SAVE20",0.52,"Mon",30.78
415,145,"New York",2024-11-23,28.8,65,83.27,4.8,"DISCOUNT10",2.89,"Sat",26.58
416,129,"Chicago",2024-11-04,12.4,20,14.34,3.5,"DISCOUNT10",1.16,"Mon",37.2
417,155,"Los Angeles",2024-11-28,31.1,72,28.61,3.9,"WELCOME5",0.92,"Thu",25.92
418,168,"Chicago",2024-11-05,8.4,20,15.94,4.2,"NO_PROMO",1.9,"Tue",25.2
419,145,"New York",2024-11-26,14.4,27,23.04,3.6,"DISCOUNT10",1.6,"Tue",32
420,198,"San Francisco",2024-11-25,31,68,27.37,4,"SAVE20",0.88,"Mon",27.35
421,158,"Los Angeles",2024-11-29,31.9,49,66.02,4.8,"SAVE20",2.07,"Fri",39.06
422,114,"Chicago",2024-11-25,17.9,31,44.97,3.6,"SAVE20",2.51,"Mon",34.65
423,129,"New York",2024-11-02,16.1,32,35.92,4.8,"SAVE20",2.23,"Sat",30.19
424,165,"Los Angeles",2024-11-23,30.7,59,24.58,4.8,"DISCOUNT10",0.8,"Sat",31.22
425,165,"San Francisco",2024-11-01,7.9,17,20.44,4.5,"DISCOUNT10",2.59,"Fri",27.88
426,183,"New York",2024-11-10,43.9,73,123.9,4.1,"WELCOME5",2.82,"Sun",36.08
427,119,"Chicago",2024-11-15,21.1,36,41.49,4.8,"DISCOUNT10",1.97,"Fri",35.17
428,151,"Los Angeles",2024-11-15,41.6,101,87.92,4.9,"NO_PROMO",2.11,"Fri",24.71
429,126,"New York",2024-11-02,16.5,40,9.14,3.7,"NO_PROMO",0.55,"Sat",24.75
430,115,"Chicago",2024-11-14,20.8,31,60.85,3.7,"SAVE20",2.93,"Thu",40.26
431,190,"Miami",2024-11-05,1.6,3,3.98,4.5,"WELCOME5",2.49,"Tue",32
432,200,"Miami",2024-11-14,33.3,68,27.7,4.5,"WELCOME5",0.83,"Thu",29.38
433,105,"Los Angeles",2024-11-02,21.8,35,63.09,4.1,"DISCOUNT10",2.89,"Sat",37.37
434,176,"Miami",2024-11-08,24.2,36,18.64,5,"DISCOUNT10",0.77,"Fri",40.33
435,129,"Chicago",2024-11-24,38.6,68,36.73,4.4,"NO_PROMO",0.95,"Sun",34.06
436,134,"Los Angeles",2024-11-27,7.3,18,8.01,4,"WELCOME5",1.1,"Wed",24.33
437,128,"Chicago",2024-11-04,1.2,2,2.85,4.8,"DISCOUNT10",2.38,"Mon",36
438,130,"Los Angeles",2024-11-30,48.9,74,112.91,4.7,"WELCOME5",2.31,"Sat",39.65
439,133,"San Francisco",2024-11-17,9.8,20,16.15,4.9,"SAVE20",1.65,"Sun",29.4
440,139,"San Francisco",2024-11-12,34.8,57,99.91,4,"DISCOUNT10",2.87,"Tue",36.63
441,158,"New York",2024-11-23,34.2,55,101.98,4.6,"DISCOUNT10",2.98,"Sat",37.31
442,163,"Chicago",2024-11-12,45.9,104,35.79,4.6,"NO_PROMO",0.78,"Tue",26.48
443,116,"Chicago",2024-11-25,49,75,54.07,4.4,"SAVE20",1.1,"Mon",39.2
444,135,"San Francisco",2024-11-20,39.1,72,109.65,3.8,"NO_PROMO",2.8,"Wed",32.58
445,120,"Chicago",2024-11-07,18.1,36,20.96,4.4,"DISCOUNT10",1.16,"Thu",30.17
446,138,"Chicago",2024-11-06,10.6,23,23.39,4.9,"DISCOUNT10",2.21,"Wed",27.65
447,134,"Chicago",2024-11-12,47.1,78,42.55,4.7,"NO_PROMO",0.9,"Tue",36.23
448,195,"New York",2024-11-27,15.2,36,27.21,4.1,"NO_PROMO",1.79,"Wed",25.33
449,120,"Chicago",2024-11-20,21.6,47,24.99,4.8,"NO_PROMO",1.16,"Wed",27.57
450,163,"Los Angeles",2024-11-26,4,6,9.17,4,"WELCOME5",2.29,"Tue",40
451,178,"New York",2024-11-12,19.5,34,38.3,4.6,"DISCOUNT10",1.96,"Tue",34.41
452,198,"New York",2024-11-02,12.1,19,30.61,3.7,"WELCOME5",2.53,"Sat",38.21
453,154,"Miami",2024-11-30,22.1,44,66.27,4.7,"SAVE20",3,"Sat",30.14
454,177,"San Francisco",2024-11-06,1.9,3,3.25,4.5,"NO_PROMO",1.71,"Wed",38
455,177,"New York",2024-11-07,27.3,61,60.56,3.8,"DISCOUNT10",2.22,"Thu",26.85
456,112,"New York",2024-11-03,40.8,66,69.68,4.1,"WELCOME5",1.71,"Sun",37.09
457,126,"Los Angeles",2024-11-10,25.8,59,20.87,3.7,"SAVE20",0.81,"Sun",26.24
458,164,"Chicago",2024-11-25,47.8,88,31.48,4.7,"WELCOME5",0.66,"Mon",32.59
459,143,"San Francisco",2024-11-02,33.1,61,36.84,4.5,"DISCOUNT10",1.11,"Sat",32.56
460,129,"Miami",2024-11-26,27.7,67,18.76,4.8,"SAVE20",0.68,"Tue",24.81
461,183,"New York",2024-11-29,3.1,4,8.24,3.8,"SAVE20",2.66,"Fri",46.5
462,155,"San Francisco",2024-11-17,35.3,83,91.92,4.7,"SAVE20",2.6,"Sun",25.52
463,135,"Los Angeles",2024-11-17,33.3,50,96.52,4.8,"DISCOUNT10",2.9,"Sun",39.96
464,141,"Chicago",2024-11-22,21.1,39,29.6,4.8,"SAVE20",1.4,"Fri",32.46
465,109,"New York",2024-11-14,49.3,113,75.12,3.9,"WELCOME5",1.52,"Thu",26.18
466,147,"Miami",2024-11-17,11.1,26,23.91,4.6,"DISCOUNT10",2.15,"Sun",25.62
467,124,"New York",2024-11-26,11.4,22,24.16,4.9,"SAVE20",2.12,"Tue",31.09
468,197,"Chicago",2024-11-11,46.7,107,50.02,3.6,"NO_PROMO",1.07,"Mon",26.19
469,185,"Los Angeles",2024-11-30,33.4,77,73.07,4.7,"WELCOME5",2.19,"Sat",26.03
470,199,"Chicago",2024-11-25,49.7,102,86.6,4.7,"NO_PROMO",1.74,"Mon",29.24
471,153,"Chicago",2024-11-22,38.5,60,53.44,4.1,"WELCOME5",1.39,"Fri",38.5
472,155,"San Francisco",2024-11-30,46.9,113,121.42,4.7,"NO_PROMO",2.59,"Sat",24.9
473,140,"New York",2024-11-16,35.2,79,71.61,3.7,"NO_PROMO",2.03,"Sat",26.73
474,125,"Chicago",2024-11-11,22.6,39,33,4.9,"DISCOUNT10",1.46,"Mon",34.77
475,119,"Los Angeles",2024-11-20,32,74,31.28,4.9,"NO_PROMO",0.98,"Wed",25.95
476,107,"Miami",2024-11-26,2.1,4,6,3.9,"SAVE20",2.86,"Tue",31.5
477,120,"New York",2024-11-22,23.2,36,30.63,3.5,"SAVE20",1.32,"Fri",38.67
478,104,"New York",2024-11-11,11.5,24,12.97,4.7,"SAVE20",1.13,"Mon",28.75
479,157,"Miami",2024-11-07,42.4,94,87.72,4.2,"SAVE20",2.07,"Thu",27.06
480,120,"Los Angeles",2024-11-15,39.1,97,63.3,4.6,"WELCOME5",1.62,"Fri",24.19
481,200,"Miami",2024-11-09,44,66,41.5,3.8,"NO_PROMO",0.94,"Sat",40
482,179,"New York",2024-11-12,21.6,41,11.11,3.6,"NO_PROMO",0.51,"Tue",31.61
483,140,"San Francisco",2024-11-29,29.6,63,79.66,3.5,"SAVE20",2.69,"Fri",28.19
484,195,"New York",2024-11-09,23.1,46,50.28,4.9,"DISCOUNT10",2.18,"Sat",30.13
485,105,"New York",2024-11-03,41.5,65,119.45,3.9,"DISCOUNT10",2.88,"Sun",38.31
486,167,"New York",2024-11-13,19.4,38,29.98,4.3,"NO_PROMO",1.55,"Wed",30.63
487,197,"San Francisco",2024-11-30,12.2,25,19.25,4,"NO_PROMO",1.58,"Sat",29.28
488,147,"Miami",2024-11-23,42,94,93.72,4,"DISCOUNT10",2.23,"Sat",26.81
489,121,"Chicago",2024-11-27,44.2,82,38.25,3.8,"NO_PROMO",0.87,"Wed",32.34
490,196,"Miami",2024-11-01,21.5,37,15.49,4,"SAVE20",0.72,"Fri",34.86
491,152,"San Francisco",2024-11-24,6.6,10,9.58,4.5,"SAVE20",1.45,"Sun",39.6
492,160,"New York",2024-11-30,9.1,19,12.05,3.6,"NO_PROMO",1.32,"Sat",28.74
493,112,"San Francisco",2024-11-18,45.2,91,48.54,3.9,"WELCOME5",1.07,"Mon",29.8
494,124,"Los Angeles",2024-11-20,22.7,38,53.83,3.8,"WELCOME5",2.37,"Wed",35.84
495,156,"Miami",2024-11-07,18.5,30,50.9,3.5,"WELCOME5",2.75,"Thu",37
496,184,"Los Angeles",2024-11-23,28.4,50,29.95,3.6,"NO_PROMO",1.05,"Sat",34.08
497,135,"San Francisco",2024-11-09,16.7,39,9.03,3.9,"NO_PROMO",0.54,"Sat",25.69
498,161,"Miami",2024-11-30,24.2,57,27.56,4.3,"NO_PROMO",1.14,"Sat",25.47
499,113,"Miami",2024-11-20,38.5,76,32.15,3.8,"NO_PROMO",0.84,"Wed",30.39
500,176,"Miami",2024-11-06,42.7,83,69.22,4.8,"NO_PROMO",1.62,"Wed",30.87
501,153,"Miami",2024-11-30,11.6,22,27.72,4.7,"WELCOME5",2.39,"Sat",31.64
502,148,"Chicago",2024-11-16,33,65,70.22,4.6,"DISCOUNT10",2.13,"Sat",30.46
503,181,"New York",2024-11-22,31.8,63,78.92,4.5,"DISCOUNT10",2.48,"Fri",30.29
504,174,"San Francisco",2024-11-03,20,31,43.72,4,"DISCOUNT10",2.19,"Sun",38.71
505,114,"New York",2024-11-28,35,57,99.87,4.4,"DISCOUNT10",2.85,"Thu",36.84
506,137,"New York",2024-11-22,1.3,3,2.42,4,"WELCOME5",1.86,"Fri",26
507,188,"Los Angeles",2024-11-25,48.8,111,103.88,5,"DISCOUNT10",2.13,"Mon",26.38
508,149,"Los Angeles",2024-11-22,4.3,7,9.63,4.9,"SAVE20",2.24,"Fri",36.86
509,155,"Los Angeles",2024-11-01,46.9,110,40.35,4.7,"SAVE20",0.86,"Fri",25.58
510,131,"New York",2024-11-05,27.4,52,22.16,4.4,"NO_PROMO",0.81,"Tue",31.62
511,137,"Chicago",2024-11-17,11.5,19,22.12,3.9,"NO_PROMO",1.92,"Sun",36.32
512,168,"Chicago",2024-11-09,45.9,81,86.63,4.2,"SAVE20",1.89,"Sat",34
513,142,"Miami",2024-11-14,42.8,99,81.21,4.2,"NO_PROMO",1.9,"Thu",25.94
514,189,"Chicago",2024-11-11,32.3,62,89.85,5,"SAVE20",2.78,"Mon",31.26
515,175,"San Francisco",2024-11-29,45.3,88,42.47,4.5,"WELCOME5",0.94,"Fri",30.89
516,184,"Miami",2024-11-10,27,57,24.79,4,"SAVE20",0.92,"Sun",28.42
517,128,"New York",2024-11-26,36,63,61.21,4.7,"NO_PROMO",1.7,"Tue",34.29
518,104,"San Francisco",2024-11-11,21.3,35,33.04,4.3,"DISCOUNT10",1.55,"Mon",36.51
519,174,"Miami",2024-11-21,39.5,67,55.98,3.8,"DISCOUNT10",1.42,"Thu",35.37
520,135,"Los Angeles",2024-11-30,17.8,34,31.55,3.9,"NO_PROMO",1.77,"Sat",31.41
521,128,"Chicago",2024-11-01,13.5,28,12.55,4.2,"NO_PROMO",0.93,"Fri",28.93
522,116,"San Francisco",2024-11-11,14.4,24,33.3,4.1,"SAVE20",2.31,"Mon",36
523,182,"Chicago",2024-11-14,32.6,53,29.75,3.7,"NO_PROMO",0.91,"Thu",36.91
524,198,"New York",2024-11-05,27.5,47,21.07,4.8,"NO_PROMO",0.77,"Tue",35.11
525,173,"Chicago",2024-11-29,37,59,20.72,4.4,"DISCOUNT10",0.56,"Fri",37.63
526,131,"Chicago",2024-11-23,37.4,56,68.9,4.4,"NO_PROMO",1.84,"Sat",40.07
527,185,"Los Angeles",2024-11-26,31.5,74,82.35,3.8,"DISCOUNT10",2.61,"Tue",25.54
528,144,"Los Angeles",2024-11-08,21.4,42,34.14,4.4,"NO_PROMO",1.6,"Fri",30.57
529,115,"Los Angeles",2024-11-28,32,60,18.23,4.8,"DISCOUNT10",0.57,"Thu",32
530,116,"Los Angeles",2024-11-14,46,88,28.07,4.2,"WELCOME5",0.61,"Thu",31.36
531,105,"Miami",2024-11-26,14.2,26,33.51,4.3,"DISCOUNT10",2.36,"Tue",32.77
532,123,"Chicago",2024-11-30,48.9,103,34.88,3.9,"WELCOME5",0.71,"Sat",28.49
533,151,"San Francisco",2024-11-30,15.7,28,11.16,4.4,"SAVE20",0.71,"Sat",33.64
534,179,"Miami",2024-11-16,30.9,58,81.65,3.9,"NO_PROMO",2.64,"Sat",31.97
535,169,"Los Angeles",2024-11-11,41.9,94,76.26,3.5,"WELCOME5",1.82,"Mon",26.74
536,133,"Los Angeles",2024-11-12,25.4,38,42.05,4.1,"NO_PROMO",1.66,"Tue",40.11
537,134,"New York",2024-11-16,40.2,81,55.61,3.7,"WELCOME5",1.38,"Sat",29.78
538,200,"Chicago",2024-11-16,11.2,23,13.2,4.2,"NO_PROMO",1.18,"Sat",29.22
539,148,"Los Angeles",2024-11-27,28.5,43,52.95,3.5,"WELCOME5",1.86,"Wed",39.77
540,125,"Miami",2024-11-23,13.8,30,18.81,4.9,"SAVE20",1.36,"Sat",27.6
541,196,"Miami",2024-11-28,33.6,73,57.94,4.3,"SAVE20",1.72,"Thu",27.62
542,142,"New York",2024-11-06,24.4,48,20.79,5,"SAVE20",0.85,"Wed",30.5
543,161,"Chicago",2024-11-05,20.6,37,15.72,3.8,"WELCOME5",0.76,"Tue",33.41
544,113,"Miami",2024-11-05,21.6,34,36.83,4.9,"DISCOUNT10",1.71,"Tue",38.12
545,197,"New York",2024-11-25,22.4,36,63.32,4.8,"WELCOME5",2.83,"Mon",37.33
546,140,"New York",2024-11-05,38.4,73,78.2,3.7,"DISCOUNT10",2.04,"Tue",31.56
547,197,"Los Angeles",2024-11-02,4.6,11,9.22,4.7,"DISCOUNT10",2,"Sat",25.09
548,153,"Chicago",2024-11-03,9.1,14,14.92,3.9,"WELCOME5",1.64,"Sun",39
549,189,"Miami",2024-11-16,3.1,6,9.07,4.9,"SAVE20",2.93,"Sat",31
550,152,"Chicago",2024-11-11,4.4,10,4.78,4.1,"WELCOME5",1.09,"Mon",26.4
551,181,"New York",2024-11-06,27.8,44,51.78,4.9,"WELCOME5",1.86,"Wed",37.91
552,145,"San Francisco",2024-11-07,17.1,29,31.3,4.6,"WELCOME5",1.83,"Thu",35.38
553,197,"Miami",2024-11-27,13.1,31,7.82,4.9,"WELCOME5",0.6,"Wed",25.35
554,154,"New York",2024-11-15,34.1,74,90.18,4.8,"DISCOUNT10",2.64,"Fri",27.65
555,118,"Chicago",2024-11-22,36.1,58,87.73,3.8,"DISCOUNT10",2.43,"Fri",37.34
556,149,"San Francisco",2024-11-15,23.4,58,27.87,4.2,"WELCOME5",1.19,"Fri",24.21
557,113,"Chicago",2024-11-22,31.3,75,43.22,3.9,"NO_PROMO",1.38,"Fri",25.04
558,185,"Miami",2024-11-19,34.9,60,62.32,4.4,"SAVE20",1.79,"Tue",34.9
559,111,"San Francisco",2024-11-14,5.5,13,10.15,4.2,"DISCOUNT10",1.85,"Thu",25.38
560,172,"New York",2024-11-03,9.2,15,14.98,4.5,"SAVE20",1.63,"Sun",36.8
561,117,"Miami",2024-11-03,22.8,36,35.29,4.3,"NO_PROMO",1.55,"Sun",38
562,200,"Los Angeles",2024-11-11,23.2,35,32.83,4.5,"WELCOME5",1.42,"Mon",39.77
563,144,"Miami",2024-11-14,45.9,103,88.96,4.2,"WELCOME5",1.94,"Thu",26.74
564,169,"Chicago",2024-11-04,24.7,52,48.71,4.7,"DISCOUNT10",1.97,"Mon",28.5
565,150,"San Francisco",2024-11-28,8.3,15,17.34,4.7,"DISCOUNT10",2.09,"Thu",33.2
566,136,"Miami",2024-11-29,22.6,46,47.62,4.7,"DISCOUNT10",2.11,"Fri",29.48
567,122,"Los Angeles",2024-11-30,13.6,33,39.93,4.9,"NO_PROMO",2.94,"Sat",24.73
568,187,"San Francisco",2024-11-21,38.1,83,22.53,3.8,"WELCOME5",0.59,"Thu",27.54
569,107,"New York",2024-11-06,4.6,10,4.93,4.2,"DISCOUNT10",1.07,"Wed",27.6
570,165,"New York",2024-11-17,16.7,25,25.79,5,"SAVE20",1.54,"Sun",40.08
571,151,"Los Angeles",2024-11-15,31.1,69,89.54,3.6,"SAVE20",2.88,"Fri",27.04
572,108,"Los Angeles",2024-11-04,20.9,34,43.72,4.3,"NO_PROMO",2.09,"Mon",36.88
573,169,"Miami",2024-11-22,16.9,33,39.98,4.9,"SAVE20",2.37,"Fri",30.73
574,194,"Miami",2024-11-17,27.9,57,53.76,4.2,"NO_PROMO",1.93,"Sun",29.37
575,198,"Los Angeles",2024-11-26,47.2,114,98.14,4.8,"WELCOME5",2.08,"Tue",24.84
576,110,"San Francisco",2024-11-21,16,33,9.7,4.3,"DISCOUNT10",0.61,"Thu",29.09
577,119,"Los Angeles",2024-11-10,30.5,68,67.42,4.4,"DISCOUNT10",2.21,"Sun",26.91
578,113,"New York",2024-11-20,4.1,8,10.05,4.7,"WELCOME5",2.45,"Wed",30.75
579,174,"Chicago",2024-11-03,44.1,88,75.58,4.5,"NO_PROMO",1.71,"Sun",30.07
580,191,"San Francisco",2024-11-21,2.8,6,5.47,4.9,"SAVE20",1.95,"Thu",28
581,163,"Chicago",2024-11-17,34.5,59,35.81,4,"WELCOME5",1.04,"Sun",35.08
582,138,"Los Angeles",2024-11-13,7.2,13,4.13,3.8,"DISCOUNT10",0.57,"Wed",33.23
583,174,"Chicago",2024-11-23,17.5,42,27.82,4.5,"WELCOME5",1.59,"Sat",25
584,150,"San Francisco",2024-11-04,21.7,36,34.02,4.4,"NO_PROMO",1.57,"Mon",36.17
585,122,"Los Angeles",2024-11-25,27.2,58,79.71,3.7,"WELCOME5",2.93,"Mon",28.14
586,143,"Miami",2024-11-06,36.9,62,52.35,4.9,"WELCOME5",1.42,"Wed",35.71
587,132,"Los Angeles",2024-11-21,38.4,69,76.37,3.5,"WELCOME5",1.99,"Thu",33.39
588,102,"New York",2024-11-21,3.8,9,5.79,4.2,"DISCOUNT10",1.52,"Thu",25.33
589,171,"Chicago",2024-11-17,1.3,2,0.92,3.5,"WELCOME5",0.71,"Sun",39
590,137,"San Francisco",2024-11-13,38.4,74,40.72,4.9,"WELCOME5",1.06,"Wed",31.14
591,150,"San Francisco",2024-11-09,19.4,47,44.52,3.7,"NO_PROMO",2.29,"Sat",24.77
592,123,"Miami",2024-11-11,14.5,35,24.44,3.5,"NO_PROMO",1.69,"Mon",24.86
593,177,"Los Angeles",2024-11-29,39.1,59,35.9,3.7,"DISCOUNT10",0.92,"Fri",39.76
594,180,"Los Angeles",2024-11-29,23.5,55,32.43,3.8,"SAVE20",1.38,"Fri",25.64
595,178,"New York",2024-11-19,35.1,79,97.05,4.4,"WELCOME5",2.76,"Tue",26.66
596,165,"Chicago",2024-11-27,8,18,4.84,4.8,"SAVE20",0.6,"Wed",26.67
597,170,"Chicago",2024-11-24,19.5,44,37.5,4.4,"SAVE20",1.92,"Sun",26.59
598,144,"San Francisco",2024-11-25,34.3,60,61.9,3.7,"SAVE20",1.8,"Mon",34.3
599,109,"Miami",2024-11-27,6.7,13,13.36,3.9,"DISCOUNT10",1.99,"Wed",30.92
600,142,"Los Angeles",2024-11-04,16.9,34,36.18,3.9,"DISCOUNT10",2.14,"Mon",29.82
601,121,"San Francisco",2024-11-30,15.7,29,12.93,4.4,"DISCOUNT10",0.82,"Sat",32.48
602,195,"Chicago",2024-11-08,11.7,23,22.46,3.9,"NO_PROMO",1.92,"Fri",30.52
603,145,"San Francisco",2024-11-11,13.9,26,7.01,4.5,"DISCOUNT10",0.5,"Mon",32.08
604,107,"Miami",2024-11-16,2.7,4,7.95,4.9,"SAVE20",2.94,"Sat",40.5
605,126,"Miami",2024-11-16,3.1,7,7.15,4,"DISCOUNT10",2.31,"Sat",26.57
606,109,"Chicago",2024-11-06,31.4,77,91.42,4.3,"DISCOUNT10",2.91,"Wed",24.47
607,161,"Miami",2024-11-14,35.3,71,40.63,4.2,"WELCOME5",1.15,"Thu",29.83
608,153,"San Francisco",2024-11-07,37.7,64,36.66,5,"WELCOME5",0.97,"Thu",35.34
609,107,"Los Angeles",2024-11-25,21.6,37,62.44,4.1,"DISCOUNT10",2.89,"Mon",35.03
610,199,"Los Angeles",2024-11-12,16.7,27,39.23,4.3,"DISCOUNT10",2.35,"Tue",37.11
611,133,"Miami",2024-11-24,2.1,5,3.64,4.5,"SAVE20",1.73,"Sun",25.2
612,194,"Los Angeles",2024-11-16,1.3,2,2.14,5,"WELCOME5",1.65,"Sat",39
613,126,"Chicago",2024-11-25,16.9,26,35,4.8,"SAVE20",2.07,"Mon",39
614,134,"Chicago",2024-11-22,22.6,51,49.23,4.2,"SAVE20",2.18,"Fri",26.59
615,103,"Miami",2024-11-08,6.5,14,9.82,4.7,"NO_PROMO",1.51,"Fri",27.86
616,172,"Chicago",2024-11-04,17.1,40,46.93,4.5,"WELCOME5",2.74,"Mon",25.65
617,119,"San Francisco",2024-11-28,25.2,56,58.82,3.9,"WELCOME5",2.33,"Thu",27
618,103,"Miami",2024-11-13,12.3,30,32.93,4.9,"NO_PROMO",2.68,"Wed",24.6
619,162,"Chicago",2024-11-16,11,17,23.94,3.6,"DISCOUNT10",2.18,"Sat",38.82
620,185,"New York",2024-11-30,1.1,2,1.76,3.8,"DISCOUNT10",1.6,"Sat",33
621,196,"Chicago",2024-11-22,32.9,76,84.79,4.2,"WELCOME5",2.58,"Fri",25.97
622,199,"New York",2024-11-04,33.5,51,58.69,4.2,"SAVE20",1.75,"Mon",39.41
623,196,"New York",2024-11-17,41.7,71,104.57,4.8,"WELCOME5",2.51,"Sun",35.24
624,136,"Miami",2024-11-15,2.3,4,3.34,4.7,"DISCOUNT10",1.45,"Fri",34.5
625,182,"San Francisco",2024-11-07,9.1,16,22.33,3.5,"SAVE20",2.45,"Thu",34.12
626,147,"Los Angeles",2024-11-19,48.4,77,54.42,4.6,"SAVE20",1.12,"Tue",37.71
627,101,"Los Angeles",2024-11-28,22.3,37,33.5,3.9,"WELCOME5",1.5,"Thu",36.16
628,168,"Los Angeles",2024-11-19,25.7,56,20.42,4.9,"SAVE20",0.79,"Tue",27.54
629,167,"Los Angeles",2024-11-13,17.5,38,50.72,4.1,"SAVE20",2.9,"Wed",27.63
630,128,"Chicago",2024-11-23,13.9,29,11.72,4.5,"SAVE20",0.84,"Sat",28.76
631,157,"Chicago",2024-11-28,15.5,32,45.93,4.6,"NO_PROMO",2.96,"Thu",29.06
632,186,"Los Angeles",2024-11-05,45.2,80,85.55,4.4,"WELCOME5",1.89,"Tue",33.9
633,175,"Miami",2024-11-03,37,72,110.5,4,"NO_PROMO",2.99,"Sun",30.83
634,188,"Los Angeles",2024-11-11,16.3,29,12.04,4.8,"NO_PROMO",0.74,"Mon",33.72
635,195,"Miami",2024-11-11,49.8,90,32.05,3.6,"NO_PROMO",0.64,"Mon",33.2
636,194,"Miami",2024-11-03,6.2,10,17.3,4.2,"WELCOME5",2.79,"Sun",37.2
637,141,"New York",2024-11-18,27.7,43,75.27,4.6,"SAVE20",2.72,"Mon",38.65
638,178,"Miami",2024-11-30,9.9,23,4.97,3.7,"WELCOME5",0.5,"Sat",25.83
639,198,"Chicago",2024-11-21,5.1,8,10.89,3.9,"SAVE20",2.14,"Thu",38.25
640,180,"Chicago",2024-11-12,15.9,32,38.03,4.4,"SAVE20",2.39,"Tue",29.81
641,131,"Chicago",2024-11-27,47.2,103,60.1,4.3,"SAVE20",1.27,"Wed",27.5
642,109,"San Francisco",2024-11-04,26.6,59,21.67,4.9,"DISCOUNT10",0.81,"Mon",27.05
643,175,"San Francisco",2024-11-27,25.3,59,30.03,4.1,"NO_PROMO",1.19,"Wed",25.73
644,181,"San Francisco",2024-11-25,25.8,63,56.39,4.6,"WELCOME5",2.19,"Mon",24.57
645,132,"Miami",2024-11-16,35.2,64,93.39,3.5,"WELCOME5",2.65,"Sat",33
646,119,"Los Angeles",2024-11-20,25.2,59,59.49,4.8,"NO_PROMO",2.36,"Wed",25.63
647,152,"Chicago",2024-11-27,23.4,36,30.47,3.5,"DISCOUNT10",1.3,"Wed",39
648,101,"Chicago",2024-11-25,24.7,53,19.85,4.6,"SAVE20",0.8,"Mon",27.96
649,108,"New York",2024-11-05,9.4,18,14.77,4,"DISCOUNT10",1.57,"Tue",31.33
650,128,"Chicago",2024-11-17,46.4,84,124.26,3.9,"WELCOME5",2.68,"Sun",33.14
651,176,"New York",2024-11-03,17.7,28,10.45,4.4,"NO_PROMO",0.59,"Sun",37.93
652,163,"Los Angeles",2024-11-24,16.1,35,26.68,3.6,"WELCOME5",1.66,"Sun",27.6
653,140,"Miami",2024-11-18,35.5,86,86.95,4.9,"SAVE20",2.45,"Mon",24.77
654,127,"Miami",2024-11-17,11.9,25,16.44,4.7,"WELCOME5",1.38,"Sun",28.56
655,190,"Los Angeles",2024-11-20,42.6,74,49.03,3.9,"NO_PROMO",1.15,"Wed",34.54
656,145,"New York",2024-11-12,49.2,97,55.75,4.3,"SAVE20",1.13,"Tue",30.43
657,110,"San Francisco",2024-11-07,1.6,2,1.05,4.4,"WELCOME5",0.66,"Thu",48
658,149,"New York",2024-11-08,29.8,48,68.07,3.5,"WELCOME5",2.28,"Fri",37.25
659,171,"New York",2024-11-24,26.5,65,28.56,4.4,"SAVE20",1.08,"Sun",24.46
660,119,"Chicago",2024-11-18,3,4,2.56,4,"WELCOME5",0.85,"Mon",45
661,117,"Miami",2024-11-22,34.9,54,19.91,4.5,"NO_PROMO",0.57,"Fri",38.78
662,123,"Miami",2024-11-24,26.2,59,38.01,4.3,"SAVE20",1.45,"Sun",26.64
663,185,"New York",2024-11-16,23.5,56,43.01,3.7,"SAVE20",1.83,"Sat",25.18
664,146,"New York",2024-11-03,32.6,62,48.13,4.7,"SAVE20",1.48,"Sun",31.55
665,101,"San Francisco",2024-11-29,18.1,37,19.95,4.7,"DISCOUNT10",1.1,"Fri",29.35
666,169,"San Francisco",2024-11-11,12.7,27,13.89,4.9,"SAVE20",1.09,"Mon",28.22
667,149,"San Francisco",2024-11-26,16.6,27,45.39,4.1,"NO_PROMO",2.73,"Tue",36.89
668,162,"Los Angeles",2024-11-22,36.8,91,89.64,4.4,"NO_PROMO",2.44,"Fri",24.26
669,184,"Los Angeles",2024-11-25,36.2,74,73.67,4.8,"SAVE20",2.04,"Mon",29.35
670,163,"Miami",2024-11-26,37,88,81.17,4.1,"WELCOME5",2.19,"Tue",25.23
671,184,"Miami",2024-11-22,42.2,78,74.18,4.1,"DISCOUNT10",1.76,"Fri",32.46
672,200,"Miami",2024-11-07,43.7,84,127.86,3.9,"DISCOUNT10",2.93,"Thu",31.21
673,188,"San Francisco",2024-11-09,34,68,89.69,4.7,"NO_PROMO",2.64,"Sat",30
674,191,"New York",2024-11-07,49.1,114,42.33,3.6,"WELCOME5",0.86,"Thu",25.84
675,115,"Miami",2024-11-07,28.7,71,52.71,3.9,"NO_PROMO",1.84,"Thu",24.25
676,186,"Los Angeles",2024-11-15,34.5,64,20.3,4.1,"WELCOME5",0.59,"Fri",32.34
677,173,"Miami",2024-11-08,2.1,4,2.58,4.4,"SAVE20",1.23,"Fri",31.5
678,185,"Chicago",2024-11-10,27.1,66,50.48,4.4,"DISCOUNT10",1.86,"Sun",24.64
679,196,"San Francisco",2024-11-16,18.1,39,49.03,3.6,"SAVE20",2.71,"Sat",27.85
680,140,"Miami",2024-11-28,37.2,89,80.75,4,"WELCOME5",2.17,"Thu",25.08
681,145,"New York",2024-11-07,7.6,18,10.89,3.6,"WELCOME5",1.43,"Thu",25.33
682,152,"San Francisco",2024-11-20,13.7,29,13.11,4,"NO_PROMO",0.96,"Wed",28.34
683,195,"Los Angeles",2024-11-20,23.3,55,59.58,4.9,"WELCOME5",2.56,"Wed",25.42
684,118,"Chicago",2024-11-24,21.5,41,50.64,4.8,"WELCOME5",2.36,"Sun",31.46
685,152,"Chicago",2024-11-05,8.6,15,23.63,4.5,"DISCOUNT10",2.75,"Tue",34.4
686,121,"Miami",2024-11-20,13.9,30,40.02,3.7,"NO_PROMO",2.88,"Wed",27.8
687,179,"Miami",2024-11-24,29.2,46,35.35,4.4,"DISCOUNT10",1.21,"Sun",38.09
688,116,"New York",2024-11-27,33.2,78,76.07,4.6,"NO_PROMO",2.29,"Wed",25.54
689,128,"Chicago",2024-11-02,27,52,39.72,3.9,"SAVE20",1.47,"Sat",31.15
690,166,"Los Angeles",2024-11-20,33.8,68,75.18,4.3,"NO_PROMO",2.22,"Wed",29.82
691,141,"Chicago",2024-11-02,22.1,53,39.39,3.7,"NO_PROMO",1.78,"Sat",25.02
692,109,"New York",2024-11-10,16,27,15.32,3.6,"DISCOUNT10",0.96,"Sun",35.56
693,175,"San Francisco",2024-11-15,36.9,59,104.78,3.7,"DISCOUNT10",2.84,"Fri",37.53
694,167,"Chicago",2024-11-12,35.8,68,45.47,4,"SAVE20",1.27,"Tue",31.59
695,135,"San Francisco",2024-11-17,10.5,17,11.41,4.8,"SAVE20",1.09,"Sun",37.06
696,171,"New York",2024-11-21,45.4,85,23.16,3.9,"DISCOUNT10",0.51,"Thu",32.05
697,115,"Chicago",2024-11-09,24.9,60,28.82,4,"WELCOME5",1.16,"Sat",24.9
698,173,"Chicago",2024-11-28,27.4,62,78.57,4.4,"SAVE20",2.87,"Thu",26.52
699,128,"Los Angeles",2024-11-21,42.1,83,55.45,3.8,"DISCOUNT10",1.32,"Thu",30.43
700,141,"New York",2024-11-26,31.2,65,31.05,4.6,"WELCOME5",1,"Tue",28.8
701,116,"San Francisco",2024-11-20,28.9,46,58.36,4.9,"NO_PROMO",2.02,"Wed",37.7
702,140,"Chicago",2024-11-02,15,36,22.85,3.6,"WELCOME5",1.52,"Sat",25
703,158,"Chicago",2024-11-08,47.7,102,116.73,3.9,"DISCOUNT10",2.45,"Fri",28.06
704,195,"Miami",2024-11-26,29.4,58,38.47,4.5,"SAVE20",1.31,"Tue",30.41
705,161,"San Francisco",2024-11-22,28.6,49,57.61,4.4,"SAVE20",2.01,"Fri",35.02
706,185,"San Francisco",2024-11-10,49.6,82,37.04,4.5,"NO_PROMO",0.75,"Sun",36.29
707,198,"Los Angeles",2024-11-17,28.8,49,26.25,4,"SAVE20",0.91,"Sun",35.27
708,107,"New York",2024-11-09,34.4,56,39.17,4.8,"WELCOME5",1.14,"Sat",36.86
709,152,"Miami",2024-11-05,4.3,7,4.32,4.2,"NO_PROMO",1,"Tue",36.86
710,145,"Los Angeles",2024-11-25,48.7,121,78.57,4.5,"NO_PROMO",1.61,"Mon",24.15
711,162,"San Francisco",2024-11-24,49.4,74,56.34,3.7,"WELCOME5",1.14,"Sun",40.05
712,147,"San Francisco",2024-11-11,38.5,58,74.69,4.9,"NO_PROMO",1.94,"Mon",39.83
713,170,"Chicago",2024-11-15,27.9,60,81.62,4.2,"SAVE20",2.93,"Fri",27.9
714,108,"Chicago",2024-11-19,28.7,64,69.03,4.6,"SAVE20",2.41,"Tue",26.91
715,140,"San Francisco",2024-11-27,14.9,25,41.11,4.6,"SAVE20",2.76,"Wed",35.76
716,143,"Los Angeles",2024-11-26,44.7,72,102.88,4.7,"NO_PROMO",2.3,"Tue",37.25
717,138,"Miami",2024-11-26,47.5,87,92.43,4.1,"NO_PROMO",1.95,"Tue",32.76
718,120,"San Francisco",2024-11-24,6.3,13,18.39,5,"SAVE20",2.92,"Sun",29.08
719,111,"Los Angeles",2024-11-17,15,34,32.46,4,"DISCOUNT10",2.16,"Sun",26.47
720,141,"Chicago",2024-11-05,38.3,64,20.38,4.2,"NO_PROMO",0.53,"Tue",35.91
721,103,"Chicago",2024-11-28,20.8,35,60.78,4.7,"DISCOUNT10",2.92,"Thu",35.66
722,192,"Miami",2024-11-08,8.7,20,7.61,4.3,"WELCOME5",0.87,"Fri",26.1
723,148,"Miami",2024-11-22,30.6,75,29.79,3.6,"DISCOUNT10",0.97,"Fri",24.48
724,200,"Los Angeles",2024-11-16,16.1,38,46.82,3.5,"WELCOME5",2.91,"Sat",25.42
725,185,"Chicago",2024-11-28,20.6,35,59.61,4.5,"SAVE20",2.89,"Thu",35.31
726,193,"San Francisco",2024-11-14,45.6,70,117.39,4.4,"NO_PROMO",2.57,"Thu",39.09
727,170,"New York",2024-11-23,42.4,79,109.85,4.6,"SAVE20",2.59,"Sat",32.2
728,145,"San Francisco",2024-11-16,12.7,23,7.47,4.9,"WELCOME5",0.59,"Sat",33.13
729,194,"San Francisco",2024-11-10,20.4,49,56.99,4.4,"DISCOUNT10",2.79,"Sun",24.98
730,181,"Los Angeles",2024-11-10,26.7,55,56.28,4.7,"WELCOME5",2.11,"Sun",29.13
731,197,"Miami",2024-11-12,23.8,39,33.27,4.8,"WELCOME5",1.4,"Tue",36.62
732,173,"New York",2024-11-20,11.1,23,29.71,4.3,"DISCOUNT10",2.68,"Wed",28.96
733,189,"Los Angeles",2024-11-29,46.6,86,74.08,4.4,"DISCOUNT10",1.59,"Fri",32.51
734,104,"Miami",2024-11-26,23,41,59.44,4.3,"SAVE20",2.58,"Tue",33.66
735,147,"Chicago",2024-11-19,8.9,20,13.47,4.9,"WELCOME5",1.51,"Tue",26.7
736,168,"New York",2024-11-08,37.5,75,112.08,4.5,"SAVE20",2.99,"Fri",30
737,199,"New York",2024-11-27,10.9,16,20.51,4.8,"NO_PROMO",1.88,"Wed",40.88
738,104,"Chicago",2024-11-03,17,29,33.85,3.5,"DISCOUNT10",1.99,"Sun",35.17
739,125,"Miami",2024-11-13,36.2,74,62.06,3.8,"DISCOUNT10",1.71,"Wed",29.35
740,133,"Los Angeles",2024-11-21,32.7,65,78,4.3,"SAVE20",2.39,"Thu",30.18
741,188,"Miami",2024-11-30,18.4,41,35.15,4.1,"SAVE20",1.91,"Sat",26.93
742,143,"Miami",2024-11-30,33.9,52,25.17,4.6,"SAVE20",0.74,"Sat",39.12
743,168,"Miami",2024-11-15,40.8,79,65.08,3.5,"SAVE20",1.6,"Fri",30.99
744,141,"San Francisco",2024-11-24,1,2,2.63,4.9,"WELCOME5",2.63,"Sun",30
745,187,"San Francisco",2024-11-11,38.7,90,95.07,4.5,"NO_PROMO",2.46,"Mon",25.8
746,101,"San Francisco",2024-11-07,32,52,17.8,4.6,"NO_PROMO",0.56,"Thu",36.92
747,114,"New York",2024-11-05,18.9,33,24.68,4.4,"SAVE20",1.31,"Tue",34.36
748,143,"San Francisco",2024-11-13,24.1,58,28.91,4.3,"WELCOME5",1.2,"Wed",24.93
749,110,"Los Angeles",2024-11-27,13.9,26,37.92,4.7,"NO_PROMO",2.73,"Wed",32.08
750,123,"San Francisco",2024-11-11,10.2,23,28.52,4.2,"SAVE20",2.8,"Mon",26.61
751,161,"Chicago",2024-11-04,1.1,2,1.04,4.4,"DISCOUNT10",0.95,"Mon",33
752,122,"San Francisco",2024-11-29,1.5,3,1.5,4.9,"NO_PROMO",1,"Fri",30
753,123,"Chicago",2024-11-28,40.6,61,116.74,3.7,"SAVE20",2.88,"Thu",39.93
754,103,"New York",2024-11-05,1.8,3,3.57,4.9,"WELCOME5",1.98,"Tue",36
755,191,"Chicago",2024-11-04,17.4,37,27.05,4.8,"DISCOUNT10",1.55,"Mon",28.22
756,110,"Miami",2024-11-06,14.2,28,28.15,3.5,"DISCOUNT10",1.98,"Wed",30.43
757,187,"Los Angeles",2024-11-28,46.1,73,114.91,4.6,"WELCOME5",2.49,"Thu",37.89
758,124,"Miami",2024-11-16,34.9,80,90.14,4.1,"WELCOME5",2.58,"Sat",26.18
759,175,"San Francisco",2024-11-04,30.4,56,24,3.5,"WELCOME5",0.79,"Mon",32.57
760,158,"New York",2024-11-10,22.6,54,52.49,4.1,"DISCOUNT10",2.32,"Sun",25.11
761,161,"Miami",2024-11-23,20.8,34,59.08,4.1,"WELCOME5",2.84,"Sat",36.71
762,133,"Chicago",2024-11-30,7.1,15,12.74,4.3,"DISCOUNT10",1.79,"Sat",28.4
763,125,"Chicago",2024-11-08,28.3,59,24.35,3.7,"SAVE20",0.86,"Fri",28.78
764,149,"San Francisco",2024-11-16,39.1,92,23.61,3.9,"NO_PROMO",0.6,"Sat",25.5
765,132,"Los Angeles",2024-11-11,2.6,4,4.29,4.7,"SAVE20",1.65,"Mon",39
766,169,"New York",2024-11-04,36.6,70,50.83,4.1,"DISCOUNT10",1.39,"Mon",31.37
767,173,"Miami",2024-11-21,22.1,46,12.43,4.7,"DISCOUNT10",0.56,"Thu",28.83
768,170,"San Francisco",2024-11-21,31.3,49,51.43,3.8,"NO_PROMO",1.64,"Thu",38.33
769,200,"Los Angeles",2024-11-27,25.1,44,15.99,4.2,"SAVE20",0.64,"Wed",34.23
770,128,"San Francisco",2024-11-14,2.2,4,3.95,3.5,"DISCOUNT10",1.8,"Thu",33
771,186,"New York",2024-11-19,21.3,50,35.73,4.9,"WELCOME5",1.68,"Tue",25.56
772,129,"New York",2024-11-18,4.8,10,12.46,4.3,"DISCOUNT10",2.6,"Mon",28.8
773,153,"Los Angeles",2024-11-27,25.5,58,19.13,4.4,"DISCOUNT10",0.75,"Wed",26.38
774,150,"San Francisco",2024-11-06,46.4,111,137.83,4.1,"WELCOME5",2.97,"Wed",25.08
775,157,"Los Angeles",2024-11-10,48.7,109,126.92,3.6,"NO_PROMO",2.61,"Sun",26.81
776,191,"Chicago",2024-11-30,28.3,67,60.89,3.5,"NO_PROMO",2.15,"Sat",25.34
777,169,"Los Angeles",2024-11-30,2.5,4,4.54,4.8,"NO_PROMO",1.82,"Sat",37.5
778,158,"New York",2024-11-14,3.3,6,6.92,4.4,"NO_PROMO",2.1,"Thu",33
779,130,"Miami",2024-11-22,35,66,49.19,4.9,"DISCOUNT10",1.41,"Fri",31.82
780,135,"Los Angeles",2024-11-03,7.7,11,15.99,4.7,"DISCOUNT10",2.08,"Sun",42
781,169,"Chicago",2024-11-10,34.9,79,69.02,4.1,"WELCOME5",1.98,"Sun",26.51
782,168,"New York",2024-11-04,7.5,17,11.05,4.1,"WELCOME5",1.47,"Mon",26.47
783,174,"Los Angeles",2024-11-06,29.8,53,22.3,4.7,"WELCOME5",0.75,"Wed",33.74
784,165,"Miami",2024-11-08,15.9,36,45.61,3.6,"NO_PROMO",2.87,"Fri",26.5
785,108,"New York",2024-11-12,10.4,24,9.58,4.4,"WELCOME5",0.92,"Tue",26
786,177,"New York",2024-11-09,39.4,66,51.16,3.8,"SAVE20",1.3,"Sat",35.82
787,198,"New York",2024-11-27,47.7,87,63.06,4.5,"NO_PROMO",1.32,"Wed",32.9
788,196,"New York",2024-11-20,35.1,63,43.25,4.3,"DISCOUNT10",1.23,"Wed",33.43
789,172,"Miami",2024-11-10,17.1,35,37.88,4.1,"DISCOUNT10",2.22,"Sun",29.31
790,156,"Los Angeles",2024-11-06,39.8,80,77.51,4.2,"DISCOUNT10",1.95,"Wed",29.85
791,179,"New York",2024-11-08,45.9,105,128.24,4.5,"SAVE20",2.79,"Fri",26.23
792,132,"Los Angeles",2024-11-13,27,63,27.68,4.8,"SAVE20",1.03,"Wed",25.71
793,120,"New York",2024-11-25,39,80,111.7,4,"SAVE20",2.86,"Mon",29.25
794,154,"Los Angeles",2024-11-07,10.4,19,16.54,4.2,"SAVE20",1.59,"Thu",32.84
795,139,"San Francisco",2024-11-21,15.4,24,27.84,4.9,"SAVE20",1.81,"Thu",38.5
796,143,"San Francisco",2024-11-28,11,27,22.16,4.6,"WELCOME5",2.01,"Thu",24.44
797,195,"New York",2024-11-04,25.5,58,53.75,3.7,"DISCOUNT10",2.11,"Mon",26.38
798,115,"Los Angeles",2024-11-03,26,39,29.53,3.5,"DISCOUNT10",1.14,"Sun",40
799,118,"Los Angeles",2024-11-04,39.7,98,48.07,4,"WELCOME5",1.21,"Mon",24.31
800,150,"Los Angeles",2024-11-22,29.9,54,83.43,4.8,"NO_PROMO",2.79,"Fri",33.22
801,137,"San Francisco",2024-11-11,42.1,76,105.52,3.8,"WELCOME5",2.51,"Mon",33.24
802,166,"Los Angeles",2024-11-18,37.4,70,56.18,4.5,"NO_PROMO",1.5,"Mon",32.06
803,171,"Miami",2024-11-09,41.6,65,41.55,4.2,"WELCOME5",1,"Sat",38.4
804,165,"Los Angeles",2024-11-14,18.5,34,28.04,4.2,"NO_PROMO",1.52,"Thu",32.65
805,150,"New York",2024-11-14,5.8,11,9.23,3.6,"NO_PROMO",1.59,"Thu",31.64
806,186,"San Francisco",2024-11-11,29,44,76.12,4.7,"WELCOME5",2.62,"Mon",39.55
807,170,"Los Angeles",2024-11-13,17.2,36,11.36,4,"SAVE20",0.66,"Wed",28.67
808,171,"New York",2024-11-06,6.8,11,6.6,4,"WELCOME5",0.97,"Wed",37.09
809,200,"Los Angeles",2024-11-26,27.7,46,26.01,4.8,"SAVE20",0.94,"Tue",36.13
810,198,"Chicago",2024-11-07,30.7,66,35.42,3.9,"DISCOUNT10",1.15,"Thu",27.91
811,166,"New York",2024-11-26,32,50,20.32,3.9,"DISCOUNT10",0.64,"Tue",38.4
812,197,"San Francisco",2024-11-15,5.7,9,16.41,4.6,"SAVE20",2.88,"Fri",38
813,122,"New York",2024-11-05,17,31,50.94,4.1,"WELCOME5",3,"Tue",32.9
814,183,"Los Angeles",2024-11-18,32.7,62,81.16,4.2,"NO_PROMO",2.48,"Mon",31.65
815,119,"Chicago",2024-11-24,38.7,82,86.43,4.9,"WELCOME5",2.23,"Sun",28.32
816,165,"Chicago",2024-11-06,6.6,15,16.89,4.5,"SAVE20",2.56,"Wed",26.4
817,149,"Los Angeles",2024-11-19,32.1,70,32.88,4.6,"DISCOUNT10",1.02,"Tue",27.51
818,102,"San Francisco",2024-11-02,5.8,13,5.58,4.6,"WELCOME5",0.96,"Sat",26.77
819,179,"New York",2024-11-19,3.7,7,8.99,4,"SAVE20",2.43,"Tue",31.71
820,170,"Miami",2024-11-04,33.5,63,71.47,3.6,"DISCOUNT10",2.13,"Mon",31.9
821,185,"San Francisco",2024-11-18,14.5,26,40.17,4,"SAVE20",2.77,"Mon",33.46
822,164,"San Francisco",2024-11-06,44.4,109,33.07,4.1,"DISCOUNT10",0.74,"Wed",24.44
823,134,"Chicago",2024-11-11,31,60,86.49,4.2,"DISCOUNT10",2.79,"Mon",31
824,125,"San Francisco",2024-11-29,45,79,124.28,4.9,"WELCOME5",2.76,"Fri",34.18
825,153,"San Francisco",2024-11-05,21.9,34,53.66,4.3,"SAVE20",2.45,"Tue",38.65
826,114,"Miami",2024-11-02,40.7,65,74.2,3.8,"SAVE20",1.82,"Sat",37.57
827,130,"New York",2024-11-24,41.8,85,122.2,3.9,"SAVE20",2.92,"Sun",29.51
828,133,"Los Angeles",2024-11-30,11.4,25,23.69,3.5,"WELCOME5",2.08,"Sat",27.36
829,105,"San Francisco",2024-11-23,48.5,73,114.62,3.7,"WELCOME5",2.36,"Sat",39.86
830,105,"Miami",2024-11-16,4.7,8,11.02,4.9,"SAVE20",2.34,"Sat",35.25
831,189,"Chicago",2024-11-13,7.3,15,10.35,4.7,"DISCOUNT10",1.42,"Wed",29.2
832,143,"Los Angeles",2024-11-16,33.8,70,86.99,4.3,"WELCOME5",2.57,"Sat",28.97
833,173,"New York",2024-11-21,5.4,11,16.05,3.8,"SAVE20",2.97,"Thu",29.45
834,181,"San Francisco",2024-11-28,42.1,80,36.08,4.5,"SAVE20",0.86,"Thu",31.58
835,122,"Miami",2024-11-01,42.7,91,35.66,4.3,"WELCOME5",0.84,"Fri",28.15
836,181,"San Francisco",2024-11-07,17.5,40,39.28,3.8,"WELCOME5",2.24,"Thu",26.25
837,107,"San Francisco",2024-11-09,27.8,63,38.75,4.6,"DISCOUNT10",1.39,"Sat",26.48
838,157,"Chicago",2024-11-08,44.8,87,131.4,4.2,"WELCOME5",2.93,"Fri",30.9
839,147,"Miami",2024-11-25,41.8,100,111.95,4.7,"NO_PROMO",2.68,"Mon",25.08
840,103,"San Francisco",2024-11-07,28,66,31.67,4.6,"NO_PROMO",1.13,"Thu",25.45
841,173,"Los Angeles",2024-11-08,26.1,48,66.08,4.6,"WELCOME5",2.53,"Fri",32.62
842,139,"San Francisco",2024-11-21,38.9,65,84.67,4.1,"NO_PROMO",2.18,"Thu",35.91
843,177,"Miami",2024-11-26,38.2,90,40.14,4.4,"DISCOUNT10",1.05,"Tue",25.47
844,101,"Los Angeles",2024-11-10,18.9,36,13.1,4.7,"SAVE20",0.69,"Sun",31.5
845,196,"Los Angeles",2024-11-29,15.8,23,32.28,4.6,"WELCOME5",2.04,"Fri",41.22
846,200,"San Francisco",2024-11-14,22.1,42,64.37,4.7,"DISCOUNT10",2.91,"Thu",31.57
847,151,"Chicago",2024-11-18,47.1,92,123.5,3.6,"WELCOME5",2.62,"Mon",30.72
848,149,"San Francisco",2024-11-07,2.7,5,8.04,4.9,"SAVE20",2.98,"Thu",32.4
849,174,"Chicago",2024-11-09,29.5,69,54,5,"SAVE20",1.83,"Sat",25.65
850,127,"Los Angeles",2024-11-27,17,39,16.87,4.7,"DISCOUNT10",0.99,"Wed",26.15
851,128,"Los Angeles",2024-11-30,15.5,24,24.79,4.7,"WELCOME5",1.6,"Sat",38.75
852,145,"San Francisco",2024-11-30,3.3,5,6.55,4.1,"DISCOUNT10",1.98,"Sat",39.6
853,115,"San Francisco",2024-11-01,29.4,68,84.5,4.3,"DISCOUNT10",2.87,"Fri",25.94
854,194,"San Francisco",2024-11-29,34.7,63,29.02,4.3,"NO_PROMO",0.84,"Fri",33.05
855,102,"Miami",2024-11-17,3.6,6,8.73,3.7,"NO_PROMO",2.43,"Sun",36
856,181,"New York",2024-11-30,11.1,18,8.56,4.4,"SAVE20",0.77,"Sat",37
857,170,"Miami",2024-11-20,23.1,35,34.26,4.5,"DISCOUNT10",1.48,"Wed",39.6
858,199,"Miami",2024-11-19,39.7,91,65.13,3.7,"SAVE20",1.64,"Tue",26.18
859,103,"Los Angeles",2024-11-16,14.2,22,9.57,4.6,"SAVE20",0.67,"Sat",38.73
860,127,"San Francisco",2024-11-21,41.1,94,96.4,4.6,"SAVE20",2.35,"Thu",26.23
861,126,"Los Angeles",2024-11-25,18.8,32,24.29,4,"NO_PROMO",1.29,"Mon",35.25
862,132,"New York",2024-11-19,6.1,12,7.07,3.8,"NO_PROMO",1.16,"Tue",30.5
863,167,"Los Angeles",2024-11-26,21.5,51,14.85,4.9,"NO_PROMO",0.69,"Tue",25.29
864,191,"Chicago",2024-11-22,40.4,77,43.27,4.1,"NO_PROMO",1.07,"Fri",31.48
865,133,"New York",2024-11-16,25.3,50,14.63,4.5,"SAVE20",0.58,"Sat",30.36
866,175,"San Francisco",2024-11-19,45.4,75,61.72,4.7,"WELCOME5",1.36,"Tue",36.32
867,140,"San Francisco",2024-11-17,10.3,24,13.8,4,"DISCOUNT10",1.34,"Sun",25.75
868,148,"Miami",2024-11-06,42.5,71,126.67,4.9,"SAVE20",2.98,"Wed",35.92
869,181,"San Francisco",2024-11-12,24.9,50,29.79,4,"DISCOUNT10",1.2,"Tue",29.88
870,122,"Los Angeles",2024-11-24,20.2,43,33.51,4.3,"SAVE20",1.66,"Sun",28.19
871,131,"Chicago",2024-11-23,27.4,46,37.44,3.8,"NO_PROMO",1.37,"Sat",35.74
872,164,"San Francisco",2024-11-10,36,73,105.72,4.7,"NO_PROMO",2.94,"Sun",29.59
873,184,"Chicago",2024-11-03,42.1,66,78.9,4.5,"SAVE20",1.87,"Sun",38.27
874,188,"Los Angeles",2024-11-16,21.4,51,47.74,4.9,"SAVE20",2.23,"Sat",25.18
875,126,"New York",2024-11-12,11.8,24,14.45,3.6,"DISCOUNT10",1.22,"Tue",29.5
876,103,"Chicago",2024-11-19,17.4,40,49.53,4.6,"WELCOME5",2.85,"Tue",26.1
877,171,"Chicago",2024-11-16,9.9,20,20.61,3.7,"DISCOUNT10",2.08,"Sat",29.7
878,126,"Los Angeles",2024-11-21,14.9,25,35.6,3.5,"NO_PROMO",2.39,"Thu",35.76
879,171,"San Francisco",2024-11-08,7.4,13,4.55,4.3,"NO_PROMO",0.61,"Fri",34.15
880,147,"Los Angeles",2024-11-18,25.3,60,73.41,4.4,"WELCOME5",2.9,"Mon",25.3
881,120,"Miami",2024-11-02,43.2,68,51.62,3.7,"SAVE20",1.19,"Sat",38.12
882,107,"San Francisco",2024-11-15,18.7,34,11.46,4.6,"NO_PROMO",0.61,"Fri",33
883,140,"San Francisco",2024-11-03,32.9,69,37.34,3.7,"NO_PROMO",1.13,"Sun",28.61
884,162,"Miami",2024-11-27,43.5,74,22.03,3.9,"NO_PROMO",0.51,"Wed",35.27
885,174,"New York",2024-11-20,9.8,21,18.57,4.8,"SAVE20",1.89,"Wed",28
886,178,"New York",2024-11-14,27.7,62,78.25,4.6,"WELCOME5",2.82,"Thu",26.81
887,142,"New York",2024-11-08,8.9,13,8.8,4,"WELCOME5",0.99,"Fri",41.08
888,136,"Los Angeles",2024-11-01,6.5,13,7.19,4,"DISCOUNT10",1.11,"Fri",30
889,146,"Chicago",2024-11-21,32.3,69,43.14,3.6,"SAVE20",1.34,"Thu",28.09
890,164,"Los Angeles",2024-11-06,46.4,78,33,4.8,"DISCOUNT10",0.71,"Wed",35.69
891,110,"Los Angeles",2024-11-16,40.1,79,33.47,3.7,"WELCOME5",0.83,"Sat",30.46
892,189,"Miami",2024-11-15,20.2,38,20.63,4.5,"NO_PROMO",1.02,"Fri",31.89
893,102,"New York",2024-11-11,26.4,50,57.84,3.7,"DISCOUNT10",2.19,"Mon",31.68
894,103,"New York",2024-11-04,8.3,18,6.13,4.8,"WELCOME5",0.74,"Mon",27.67
895,127,"Chicago",2024-11-11,15.9,38,16.76,4,"DISCOUNT10",1.05,"Mon",25.11
896,195,"Chicago",2024-11-03,10.5,24,9,3.8,"NO_PROMO",0.86,"Sun",26.25
897,144,"Miami",2024-11-08,47.3,89,54.05,4.9,"WELCOME5",1.14,"Fri",31.89
898,152,"New York",2024-11-08,48,74,93.67,3.8,"WELCOME5",1.95,"Fri",38.92
899,149,"San Francisco",2024-11-10,24.3,58,71.47,3.7,"WELCOME5",2.94,"Sun",25.14
900,110,"Miami",2024-11-06,12,20,14.46,4.1,"SAVE20",1.21,"Wed",36
901,117,"San Francisco",2024-11-30,48,85,27.13,3.9,"WELCOME5",0.57,"Sat",33.88
902,176,"Miami",2024-11-24,32.7,69,46.06,4.9,"NO_PROMO",1.41,"Sun",28.43
903,121,"Miami",2024-11-03,8.9,16,19.32,4.6,"NO_PROMO",2.17,"Sun",33.38
904,146,"Los Angeles",2024-11-09,30.1,57,56.08,4.4,"WELCOME5",1.86,"Sat",31.68
905,163,"San Francisco",2024-11-11,33.8,61,71.96,4.1,"DISCOUNT10",2.13,"Mon",33.25
906,162,"Chicago",2024-11-18,43.2,70,110.33,4,"NO_PROMO",2.55,"Mon",37.03
907,128,"New York",2024-11-08,46.3,88,136.03,4.8,"DISCOUNT10",2.94,"Fri",31.57
908,132,"Chicago",2024-11-05,42.2,88,104.58,4.3,"DISCOUNT10",2.48,"Tue",28.77
909,166,"New York",2024-11-21,24,43,69.34,4,"NO_PROMO",2.89,"Thu",33.49
910,102,"Los Angeles",2024-11-13,12.3,19,10.8,3.7,"WELCOME5",0.88,"Wed",38.84
911,158,"Miami",2024-11-30,4.2,10,3.03,3.9,"SAVE20",0.72,"Sat",25.2
912,189,"San Francisco",2024-11-02,41.4,84,32.86,3.7,"WELCOME5",0.79,"Sat",29.57
913,162,"Los Angeles",2024-11-01,16.1,32,36.96,4.9,"WELCOME5",2.3,"Fri",30.19
914,193,"Chicago",2024-11-03,47.1,79,138.02,4,"WELCOME5",2.93,"Sun",35.77
915,116,"Chicago",2024-11-27,46.9,109,91.39,5,"DISCOUNT10",1.95,"Wed",25.82
916,143,"Miami",2024-11-07,19.6,30,14.03,4.8,"DISCOUNT10",0.72,"Thu",39.2
917,198,"Los Angeles",2024-11-21,42.5,76,105.34,4.9,"WELCOME5",2.48,"Thu",33.55
918,114,"Chicago",2024-11-09,15.9,35,30.69,3.8,"SAVE20",1.93,"Sat",27.26
919,163,"Los Angeles",2024-11-01,31.9,49,31.71,3.7,"SAVE20",0.99,"Fri",39.06
920,107,"Los Angeles",2024-11-15,1.8,2,3.66,4,"NO_PROMO",2.03,"Fri",54
921,138,"New York",2024-11-07,41.2,98,30.99,3.8,"SAVE20",0.75,"Thu",25.22
922,102,"Chicago",2024-11-13,30.9,68,53.92,3.6,"DISCOUNT10",1.74,"Wed",27.26
923,173,"New York",2024-11-30,11.1,25,8.44,4,"WELCOME5",0.76,"Sat",26.64
924,197,"San Francisco",2024-11-19,45.4,100,72.04,3.7,"NO_PROMO",1.59,"Tue",27.24
925,164,"Los Angeles",2024-11-13,9.4,19,18.92,4.7,"DISCOUNT10",2.01,"Wed",29.68
926,191,"Miami",2024-11-13,37.7,62,100.25,3.7,"NO_PROMO",2.66,"Wed",36.48
927,177,"San Francisco",2024-11-03,33.9,51,98.82,4.9,"SAVE20",2.92,"Sun",39.88
928,158,"Miami",2024-11-25,21.9,53,40.26,3.8,"SAVE20",1.84,"Mon",24.79
929,148,"New York",2024-11-03,29.9,53,54.18,4.3,"DISCOUNT10",1.81,"Sun",33.85
930,170,"New York",2024-11-24,9.3,15,12.3,4.2,"SAVE20",1.32,"Sun",37.2
931,175,"Los Angeles",2024-11-09,11.6,23,11.06,4.9,"NO_PROMO",0.95,"Sat",30.26
932,194,"New York",2024-11-08,8.9,17,18.95,3.8,"WELCOME5",2.13,"Fri",31.41
933,195,"Chicago",2024-11-02,26.9,54,74.26,4,"NO_PROMO",2.76,"Sat",29.89
934,111,"Chicago",2024-11-24,31.4,57,92.46,4.5,"SAVE20",2.94,"Sun",33.05
935,177,"Chicago",2024-11-13,4.9,10,9.01,4,"WELCOME5",1.84,"Wed",29.4
936,101,"Chicago",2024-11-23,29,59,68.11,3.7,"SAVE20",2.35,"Sat",29.49
937,132,"Miami",2024-11-08,5.2,12,4.81,3.6,"DISCOUNT10",0.92,"Fri",26
938,142,"San Francisco",2024-11-06,7.8,13,14.62,4.6,"SAVE20",1.87,"Wed",36
939,193,"San Francisco",2024-11-29,24.7,39,56.52,4.5,"WELCOME5",2.29,"Fri",38
940,185,"San Francisco",2024-11-25,3.3,6,2.76,3.6,"NO_PROMO",0.84,"Mon",33
941,171,"New York",2024-11-20,38.7,69,65.74,3.8,"WELCOME5",1.7,"Wed",33.65
942,181,"Miami",2024-11-12,27,47,71.15,4.1,"WELCOME5",2.64,"Tue",34.47
943,133,"New York",2024-11-03,26.7,41,72.16,3.7,"WELCOME5",2.7,"Sun",39.07
944,199,"Chicago",2024-11-04,5.2,10,9.56,4.2,"NO_PROMO",1.84,"Mon",31.2
945,189,"Los Angeles",2024-11-30,38.1,68,79.67,3.5,"DISCOUNT10",2.09,"Sat",33.62
946,178,"Los Angeles",2024-11-13,36.8,80,103.94,4.8,"WELCOME5",2.82,"Wed",27.6
947,182,"Chicago",2024-11-14,10.3,22,20.25,4,"NO_PROMO",1.97,"Thu",28.09
948,104,"Miami",2024-11-07,41.7,71,40.41,3.6,"DISCOUNT10",0.97,"Thu",35.24
949,168,"New York",2024-11-08,33.2,50,32.74,4.6,"DISCOUNT10",0.99,"Fri",39.84
950,158,"Chicago",2024-11-04,15.1,31,31.03,3.5,"DISCOUNT10",2.05,"Mon",29.23
951,110,"Los Angeles",2024-11-06,45.6,83,97.42,4.1,"NO_PROMO",2.14,"Wed",32.96
952,179,"Los Angeles",2024-11-19,17.1,31,25.79,3.6,"DISCOUNT10",1.51,"Tue",33.1
953,153,"Chicago",2024-11-09,47.5,72,140.41,3.7,"SAVE20",2.96,"Sat",39.58
954,119,"New York",2024-11-27,18.6,31,35.37,3.9,"NO_PROMO",1.9,"Wed",36
955,106,"Chicago",2024-11-28,20.5,47,56.3,3.7,"NO_PROMO",2.75,"Thu",26.17
956,112,"Los Angeles",2024-11-20,31.3,56,48.35,4.3,"SAVE20",1.54,"Wed",33.54
957,158,"San Francisco",2024-11-07,44.5,96,127.79,3.7,"SAVE20",2.87,"Thu",27.81
958,177,"Los Angeles",2024-11-26,33.8,51,73.33,4.8,"DISCOUNT10",2.17,"Tue",39.76
959,139,"Chicago",2024-11-29,3,6,2.59,3.8,"NO_PROMO",0.86,"Fri",30
960,174,"Miami",2024-11-08,43.4,82,76.24,4,"NO_PROMO",1.76,"Fri",31.76
961,106,"Miami",2024-11-26,46.3,96,51.44,3.6,"NO_PROMO",1.11,"Tue",28.94
962,103,"Miami",2024-11-03,12.5,22,14.97,4.2,"WELCOME5",1.2,"Sun",34.09
963,186,"Los Angeles",2024-11-21,2.2,5,4.33,4.1,"DISCOUNT10",1.97,"Thu",26.4
964,186,"New York",2024-11-10,12.5,18,14.88,3.7,"WELCOME5",1.19,"Sun",41.67
965,136,"Los Angeles",2024-11-08,34.5,80,24.6,4.4,"WELCOME5",0.71,"Fri",25.88
966,149,"New York",2024-11-24,33.5,69,43.84,4.9,"NO_PROMO",1.31,"Sun",29.13
967,174,"San Francisco",2024-11-15,45.8,96,22.96,4.3,"DISCOUNT10",0.5,"Fri",28.62
968,115,"New York",2024-11-12,41.6,77,81.54,4.6,"WELCOME5",1.96,"Tue",32.42
969,181,"New York",2024-11-13,29.6,68,55.36,4.8,"NO_PROMO",1.87,"Wed",26.12
970,139,"Los Angeles",2024-11-05,30.1,66,38.13,4.2,"DISCOUNT10",1.27,"Tue",27.36
971,164,"Miami",2024-11-19,48.5,106,138.59,3.9,"NO_PROMO",2.86,"Tue",27.45
972,190,"San Francisco",2024-11-08,47,72,58.89,4.2,"SAVE20",1.25,"Fri",39.17
973,137,"New York",2024-11-10,27.6,50,17.14,3.6,"NO_PROMO",0.62,"Sun",33.12
974,158,"New York",2024-11-19,4.8,9,14.18,4.5,"SAVE20",2.95,"Tue",32
975,125,"Chicago",2024-11-03,34.9,81,97.8,4.9,"DISCOUNT10",2.8,"Sun",25.85
976,116,"Chicago",2024-11-18,25.8,64,35.46,4.8,"SAVE20",1.37,"Mon",24.19
977,136,"Chicago",2024-11-23,37.2,65,65.5,4.4,"WELCOME5",1.76,"Sat",34.34
978,109,"San Francisco",2024-11-30,2.9,5,1.6,4,"NO_PROMO",0.55,"Sat",34.8
979,155,"San Francisco",2024-11-23,34.9,78,52.32,4.9,"WELCOME5",1.5,"Sat",26.85
980,164,"Chicago",2024-11-03,11.1,25,28.5,4.9,"SAVE20",2.57,"Sun",26.64
981,176,"Los Angeles",2024-11-09,16.1,24,31.69,4.9,"WELCOME5",1.97,"Sat",40.25
982,117,"Chicago",2024-11-26,17.8,37,34.66,3.6,"WELCOME5",1.95,"Tue",28.86
983,151,"Miami",2024-11-30,48.5,77,138.11,4.9,"DISCOUNT10",2.85,"Sat",37.79
984,190,"Chicago",2024-11-08,38.3,95,46.59,3.7,"NO_PROMO",1.22,"Fri",24.19
985,123,"Los Angeles",2024-11-24,6.5,13,18.63,4.8,"WELCOME5",2.87,"Sun",30
986,162,"San Francisco",2024-11-07,31.2,64,80.1,4.5,"SAVE20",2.57,"Thu",29.25
987,142,"Miami",2024-11-27,36.2,74,103.64,4,"NO_PROMO",2.86,"Wed",29.35
988,170,"Miami",2024-11-29,10.7,20,27.31,4.3,"NO_PROMO",2.55,"Fri",32.1
989,148,"Los Angeles",2024-11-13,34.3,84,101.02,4.1,"DISCOUNT10",2.95,"Wed",24.5
990,114,"San Francisco",2024-11-21,5.7,12,6.45,4.2,"NO_PROMO",1.13,"Thu",28.5
991,109,"New York",2024-11-11,24.1,42,68.89,4.7,"DISCOUNT10",2.86,"Mon",34.43
992,126,"Los Angeles",2024-11-22,27.9,52,70.48,4.8,"WELCOME5",2.53,"Fri",32.19
993,108,"Los Angeles",2024-11-18,34.8,74,58.05,4,"WELCOME5",1.67,"Mon",28.22
994,134,"San Francisco",2024-11-19,6,14,5.63,4.8,"WELCOME5",0.94,"Tue",25.71
995,158,"Miami",2024-11-17,39.1,59,81.14,4,"WELCOME5",2.08,"Sun",39.76
996,189,"Miami",2024-11-06,45.8,95,95.92,4.2,"SAVE20",2.09,"Wed",28.93
997,104,"San Francisco",2024-11-12,4.8,10,4.91,4.5,"NO_PROMO",1.02,"Tue",28.8
998,108,"New York",2024-11-15,44.8,99,72.22,3.7,"DISCOUNT10",1.61,"Fri",27.15
999,163,"Miami",2024-11-01,44.7,93,114.69,4.4,"WELCOME5",2.57,"Fri",28.84
1000,187,"Miami",2024-11-27,33.4,74,86.1,3.6,"NO_PROMO",2.58,"Wed",27.08
